﻿<ZPSE_FIBTUBE>
  <IDOC BEGIN="1">
    <EDI_DC40 SEGMENT="1">
      <TABNAM>EDI_DC40</TABNAM>
      <MANDT>010</MANDT>
      <DOCNUM>0000000195939232</DOCNUM>
      <DOCREL>740</DOCREL>
      <STATUS>30</STATUS>
      <DIRECT>1</DIRECT>
      <OUTMOD>2</OUTMOD>
      <IDOCTYP>ZPSE_FIBTUBE</IDOCTYP>
      <MESTYP>ZPSE_FIBERSEL</MESTYP>
      <SNDPOR>SAPSEP</SNDPOR>
      <SNDPRT>LS</SNDPRT>
      <SNDPRN>SEPCLNT010</SNDPRN>
      <RCVPOR>YXMLRO10</RCVPOR>
      <RCVPRT>LS</RCVPRT>
      <RCVPRN>YFTPFTRO10</RCVPRN>
      <CREDAT>20190917</CREDAT>
      <CRETIM>132845</CRETIM>
      <SERIAL>20190917132845</SERIAL>
    </EDI_DC40>
    <Z1PSE_E1FSP502H SEGMENT="1">
      <WERKS>RO10</WERKS>
      <AUFNR>000082954159</AUFNR>
      <Z_ELE_LENGHT>8438.000</Z_ELE_LENGHT>
      <POSNR>0001</POSNR>
      <ZCABLE>000000000060028592</ZCABLE>
      <ZCABLE_TEXT>LWL-B4YT2Y 8X12E9/125G652D T/R4KE-NT7134</ZCABLE_TEXT>
      <ZILFN>01</ZILFN>
      <ZIDX_RQMTS>000004126335</ZIDX_RQMTS>
      <Z_TUBE_ID>P00104560</Z_TUBE_ID>
      <Z_TUBE_DESC>LT250180012-SD1062-GNGEL</Z_TUBE_DESC>
      <Z_NTINDEX>0002</Z_NTINDEX>
      <Z_IND_LENGHT>4219.000</Z_IND_LENGHT>
      <Z_TUBE_STS>3</Z_TUBE_STS>
      <ZGRP_NUM>00000000440206</ZGRP_NUM>
      <ZTEMPL>SD1062</ZTEMPL>
      <ZFIBER>RMF01760</ZFIBER>
      <Z_FIBER_DESC>SMF-G652B/D SMF-WHITE</Z_FIBER_DESC>
      <ZIDX_FIB>112</ZIDX_FIB>
      <CHARG>FSB0299502</CHARG>
      <Z_IND_LENGHT2>9.648</Z_IND_LENGHT2>
      <ZMLOSS>33</ZMLOSS>
      <LICHA>232422821112</LICHA>
      <Z_INT_TUBEINDEX>0000</Z_INT_TUBEINDEX>
      <Z_EXT_IDX_RQMTS>000000000000</Z_EXT_IDX_RQMTS>
      <Z1PSE_E1FSP502I SEGMENT="1">
        <ATNAM>ATTN_1385</ATNAM>
        <AUSP1>.28</AUSP1>
      </Z1PSE_E1FSP502I>
      <Z1PSE_E1FSP502I SEGMENT="1">
        <ATNAM>ATTN_1310</ATNAM>
        <AUSP1>.326</AUSP1>
      </Z1PSE_E1FSP502I>
      <Z1PSE_E1FSP502I SEGMENT="1">
        <ATNAM>ATTN_1550</ATNAM>
        <AUSP1>.19</AUSP1>
      </Z1PSE_E1FSP502I>
      <Z1PSE_E1FSP502I SEGMENT="1">
        <ATNAM>ATTN_1530</ATNAM>
        <AUSP1>.194</AUSP1>
      </Z1PSE_E1FSP502I>
      <Z1PSE_E1FSP502I SEGMENT="1">
        <ATNAM>ATTN_1625</ATNAM>
        <AUSP1>.202</AUSP1>
      </Z1PSE_E1FSP502I>
    </Z1PSE_E1FSP502H>
    <Z1PSE_E1FSP502H SEGMENT="1">
      <WERKS>RO10</WERKS>
      <AUFNR>000082954159</AUFNR>
      <Z_ELE_LENGHT>8438.000</Z_ELE_LENGHT>
      <POSNR>0001</POSNR>
      <ZCABLE>000000000060028592</ZCABLE>
      <ZCABLE_TEXT>LWL-B4YT2Y 8X12E9/125G652D T/R4KE-NT7134</ZCABLE_TEXT>
      <ZILFN>01</ZILFN>
      <ZIDX_RQMTS>000004126335</ZIDX_RQMTS>
      <Z_TUBE_ID>P00104560</Z_TUBE_ID>
      <Z_TUBE_DESC>LT250180012-SD1062-GNGEL</Z_TUBE_DESC>
      <Z_NTINDEX>0002</Z_NTINDEX>
      <Z_IND_LENGHT>4219.000</Z_IND_LENGHT>
      <Z_TUBE_STS>3</Z_TUBE_STS>
      <ZGRP_NUM>00000000440206</ZGRP_NUM>
      <ZTEMPL>SD1062</ZTEMPL>
      <ZFIBER>RMF01816</ZFIBER>
      <Z_FIBER_DESC>SMF-G652B/D SMF-TURQUOIS</Z_FIBER_DESC>
      <ZIDX_FIB>111</ZIDX_FIB>
      <CHARG>RO11396455</CHARG>
      <Z_IND_LENGHT2>11.800</Z_IND_LENGHT2>
      <ZMLOSS>33</ZMLOSS>
      <LICHA>163561234140</LICHA>
      <Z_INT_TUBEINDEX>0000</Z_INT_TUBEINDEX>
      <Z_EXT_IDX_RQMTS>000000000000</Z_EXT_IDX_RQMTS>
      <Z1PSE_E1FSP502I SEGMENT="1">
        <ATNAM>ATTN_1385</ATNAM>
        <AUSP1>.269</AUSP1>
      </Z1PSE_E1FSP502I>
      <Z1PSE_E1FSP502I SEGMENT="1">
        <ATNAM>ATTN_1310</ATNAM>
        <AUSP1>.326</AUSP1>
      </Z1PSE_E1FSP502I>
      <Z1PSE_E1FSP502I SEGMENT="1">
        <ATNAM>ATTN_1550</ATNAM>
        <AUSP1>.188</AUSP1>
      </Z1PSE_E1FSP502I>
      <Z1PSE_E1FSP502I SEGMENT="1">
        <ATNAM>ATTN_1530</ATNAM>
        <AUSP1>.192</AUSP1>
      </Z1PSE_E1FSP502I>
      <Z1PSE_E1FSP502I SEGMENT="1">
        <ATNAM>ATTN_1625</ATNAM>
        <AUSP1>.2</AUSP1>
      </Z1PSE_E1FSP502I>
    </Z1PSE_E1FSP502H>
    <Z1PSE_E1FSP502H SEGMENT="1">
      <WERKS>RO10</WERKS>
      <AUFNR>000082954159</AUFNR>
      <Z_ELE_LENGHT>8438.000</Z_ELE_LENGHT>
      <POSNR>0001</POSNR>
      <ZCABLE>000000000060028592</ZCABLE>
      <ZCABLE_TEXT>LWL-B4YT2Y 8X12E9/125G652D T/R4KE-NT7134</ZCABLE_TEXT>
      <ZILFN>01</ZILFN>
      <ZIDX_RQMTS>000004126335</ZIDX_RQMTS>
      <Z_TUBE_ID>P00104560</Z_TUBE_ID>
      <Z_TUBE_DESC>LT250180012-SD1062-GNGEL</Z_TUBE_DESC>
      <Z_NTINDEX>0002</Z_NTINDEX>
      <Z_IND_LENGHT>4219.000</Z_IND_LENGHT>
      <Z_TUBE_STS>3</Z_TUBE_STS>
      <ZGRP_NUM>00000000440206</ZGRP_NUM>
      <ZTEMPL>SD1062</ZTEMPL>
      <ZFIBER>RMF01784</ZFIBER>
      <Z_FIBER_DESC>SMF-G652B/D SMF-BROWN</Z_FIBER_DESC>
      <ZIDX_FIB>110</ZIDX_FIB>
      <CHARG>FSC0010112</CHARG>
      <Z_IND_LENGHT2>18.267</Z_IND_LENGHT2>
      <ZMLOSS>33</ZMLOSS>
      <LICHA>263349521116</LICHA>
      <Z_INT_TUBEINDEX>0000</Z_INT_TUBEINDEX>
      <Z_EXT_IDX_RQMTS>000000000000</Z_EXT_IDX_RQMTS>
      <Z1PSE_E1FSP502I SEGMENT="1">
        <ATNAM>ATTN_1385</ATNAM>
        <AUSP1>.269</AUSP1>
      </Z1PSE_E1FSP502I>
      <Z1PSE_E1FSP502I SEGMENT="1">
        <ATNAM>ATTN_1310</ATNAM>
        <AUSP1>.324</AUSP1>
      </Z1PSE_E1FSP502I>
      <Z1PSE_E1FSP502I SEGMENT="1">
        <ATNAM>ATTN_1550</ATNAM>
        <AUSP1>.188</AUSP1>
      </Z1PSE_E1FSP502I>
      <Z1PSE_E1FSP502I SEGMENT="1">
        <ATNAM>ATTN_1530</ATNAM>
        <AUSP1>.192</AUSP1>
      </Z1PSE_E1FSP502I>
      <Z1PSE_E1FSP502I SEGMENT="1">
        <ATNAM>ATTN_1625</ATNAM>
        <AUSP1>.199</AUSP1>
      </Z1PSE_E1FSP502I>
    </Z1PSE_E1FSP502H>
    <Z1PSE_E1FSP502H SEGMENT="1">
      <WERKS>RO10</WERKS>
      <AUFNR>000082954159</AUFNR>
      <Z_ELE_LENGHT>8438.000</Z_ELE_LENGHT>
      <POSNR>0001</POSNR>
      <ZCABLE>000000000060028592</ZCABLE>
      <ZCABLE_TEXT>LWL-B4YT2Y 8X12E9/125G652D T/R4KE-NT7134</ZCABLE_TEXT>
      <ZILFN>01</ZILFN>
      <ZIDX_RQMTS>000004126335</ZIDX_RQMTS>
      <Z_TUBE_ID>P00104560</Z_TUBE_ID>
      <Z_TUBE_DESC>LT250180012-SD1062-GNGEL</Z_TUBE_DESC>
      <Z_NTINDEX>0002</Z_NTINDEX>
      <Z_IND_LENGHT>4219.000</Z_IND_LENGHT>
      <Z_TUBE_STS>3</Z_TUBE_STS>
      <ZGRP_NUM>00000000440206</ZGRP_NUM>
      <ZTEMPL>SD1062</ZTEMPL>
      <ZFIBER>RMF01792</ZFIBER>
      <Z_FIBER_DESC>SMF-G652B/D SMF-GREY</Z_FIBER_DESC>
      <ZIDX_FIB>109</ZIDX_FIB>
      <CHARG>FSB0295409</CHARG>
      <Z_IND_LENGHT2>20.358</Z_IND_LENGHT2>
      <ZMLOSS>33</ZMLOSS>
      <LICHA>253396734106</LICHA>
      <Z_INT_TUBEINDEX>0000</Z_INT_TUBEINDEX>
      <Z_EXT_IDX_RQMTS>000000000000</Z_EXT_IDX_RQMTS>
      <Z1PSE_E1FSP502I SEGMENT="1">
        <ATNAM>ATTN_1385</ATNAM>
        <AUSP1>.279</AUSP1>
      </Z1PSE_E1FSP502I>
      <Z1PSE_E1FSP502I SEGMENT="1">
        <ATNAM>ATTN_1310</ATNAM>
        <AUSP1>.327</AUSP1>
      </Z1PSE_E1FSP502I>
      <Z1PSE_E1FSP502I SEGMENT="1">
        <ATNAM>ATTN_1550</ATNAM>
        <AUSP1>.19</AUSP1>
      </Z1PSE_E1FSP502I>
      <Z1PSE_E1FSP502I SEGMENT="1">
        <ATNAM>ATTN_1530</ATNAM>
        <AUSP1>.195</AUSP1>
      </Z1PSE_E1FSP502I>
      <Z1PSE_E1FSP502I SEGMENT="1">
        <ATNAM>ATTN_1625</ATNAM>
        <AUSP1>.202</AUSP1>
      </Z1PSE_E1FSP502I>
    </Z1PSE_E1FSP502H>
    <Z1PSE_E1FSP502H SEGMENT="1">
      <WERKS>RO10</WERKS>
      <AUFNR>000082954159</AUFNR>
      <Z_ELE_LENGHT>8438.000</Z_ELE_LENGHT>
      <POSNR>0001</POSNR>
      <ZCABLE>000000000060028592</ZCABLE>
      <ZCABLE_TEXT>LWL-B4YT2Y 8X12E9/125G652D T/R4KE-NT7134</ZCABLE_TEXT>
      <ZILFN>01</ZILFN>
      <ZIDX_RQMTS>000004126335</ZIDX_RQMTS>
      <Z_TUBE_ID>P00104560</Z_TUBE_ID>
      <Z_TUBE_DESC>LT250180012-SD1062-GNGEL</Z_TUBE_DESC>
      <Z_NTINDEX>0002</Z_NTINDEX>
      <Z_IND_LENGHT>4219.000</Z_IND_LENGHT>
      <Z_TUBE_STS>3</Z_TUBE_STS>
      <ZGRP_NUM>00000000440206</ZGRP_NUM>
      <ZTEMPL>SD1062</ZTEMPL>
      <ZFIBER>RMF01728</ZFIBER>
      <Z_FIBER_DESC>SMF-G652B/D SMF-BLACK</Z_FIBER_DESC>
      <ZIDX_FIB>108</ZIDX_FIB>
      <CHARG>FSB0295695</CHARG>
      <Z_IND_LENGHT2>10.450</Z_IND_LENGHT2>
      <ZMLOSS>33</ZMLOSS>
      <LICHA>293317821118</LICHA>
      <Z_INT_TUBEINDEX>0000</Z_INT_TUBEINDEX>
      <Z_EXT_IDX_RQMTS>000000000000</Z_EXT_IDX_RQMTS>
      <Z1PSE_E1FSP502I SEGMENT="1">
        <ATNAM>ATTN_1385</ATNAM>
        <AUSP1>.271</AUSP1>
      </Z1PSE_E1FSP502I>
      <Z1PSE_E1FSP502I SEGMENT="1">
        <ATNAM>ATTN_1310</ATNAM>
        <AUSP1>.326</AUSP1>
      </Z1PSE_E1FSP502I>
      <Z1PSE_E1FSP502I SEGMENT="1">
        <ATNAM>ATTN_1550</ATNAM>
        <AUSP1>.19</AUSP1>
      </Z1PSE_E1FSP502I>
      <Z1PSE_E1FSP502I SEGMENT="1">
        <ATNAM>ATTN_1530</ATNAM>
        <AUSP1>.195</AUSP1>
      </Z1PSE_E1FSP502I>
      <Z1PSE_E1FSP502I SEGMENT="1">
        <ATNAM>ATTN_1625</ATNAM>
        <AUSP1>.199</AUSP1>
      </Z1PSE_E1FSP502I>
    </Z1PSE_E1FSP502H>
    <Z1PSE_E1FSP502H SEGMENT="1">
      <WERKS>RO10</WERKS>
      <AUFNR>000082954159</AUFNR>
      <Z_ELE_LENGHT>8438.000</Z_ELE_LENGHT>
      <POSNR>0001</POSNR>
      <ZCABLE>000000000060028592</ZCABLE>
      <ZCABLE_TEXT>LWL-B4YT2Y 8X12E9/125G652D T/R4KE-NT7134</ZCABLE_TEXT>
      <ZILFN>01</ZILFN>
      <ZIDX_RQMTS>000004126335</ZIDX_RQMTS>
      <Z_TUBE_ID>P00104560</Z_TUBE_ID>
      <Z_TUBE_DESC>LT250180012-SD1062-GNGEL</Z_TUBE_DESC>
      <Z_NTINDEX>0002</Z_NTINDEX>
      <Z_IND_LENGHT>4219.000</Z_IND_LENGHT>
      <Z_TUBE_STS>3</Z_TUBE_STS>
      <ZGRP_NUM>00000000440206</ZGRP_NUM>
      <ZTEMPL>SD1062</ZTEMPL>
      <ZFIBER>RMF01808</ZFIBER>
      <Z_FIBER_DESC>SMF-G652B/D SMF-ORANGE</Z_FIBER_DESC>
      <ZIDX_FIB>107</ZIDX_FIB>
      <CHARG>FSB0292435</CHARG>
      <Z_IND_LENGHT2>10.160</Z_IND_LENGHT2>
      <ZMLOSS>33</ZMLOSS>
      <LICHA>353286921139</LICHA>
      <Z_INT_TUBEINDEX>0000</Z_INT_TUBEINDEX>
      <Z_EXT_IDX_RQMTS>000000000000</Z_EXT_IDX_RQMTS>
      <Z1PSE_E1FSP502I SEGMENT="1">
        <ATNAM>ATTN_1385</ATNAM>
        <AUSP1>.286</AUSP1>
      </Z1PSE_E1FSP502I>
      <Z1PSE_E1FSP502I SEGMENT="1">
        <ATNAM>ATTN_1310</ATNAM>
        <AUSP1>.321</AUSP1>
      </Z1PSE_E1FSP502I>
      <Z1PSE_E1FSP502I SEGMENT="1">
        <ATNAM>ATTN_1550</ATNAM>
        <AUSP1>.186</AUSP1>
      </Z1PSE_E1FSP502I>
      <Z1PSE_E1FSP502I SEGMENT="1">
        <ATNAM>ATTN_1530</ATNAM>
        <AUSP1>.19</AUSP1>
      </Z1PSE_E1FSP502I>
      <Z1PSE_E1FSP502I SEGMENT="1">
        <ATNAM>ATTN_1625</ATNAM>
        <AUSP1>.196</AUSP1>
      </Z1PSE_E1FSP502I>
    </Z1PSE_E1FSP502H>
    <Z1PSE_E1FSP502H SEGMENT="1">
      <WERKS>RO10</WERKS>
      <AUFNR>000082954159</AUFNR>
      <Z_ELE_LENGHT>8438.000</Z_ELE_LENGHT>
      <POSNR>0001</POSNR>
      <ZCABLE>000000000060028592</ZCABLE>
      <ZCABLE_TEXT>LWL-B4YT2Y 8X12E9/125G652D T/R4KE-NT7134</ZCABLE_TEXT>
      <ZILFN>01</ZILFN>
      <ZIDX_RQMTS>000004126335</ZIDX_RQMTS>
      <Z_TUBE_ID>P00104560</Z_TUBE_ID>
      <Z_TUBE_DESC>LT250180012-SD1062-GNGEL</Z_TUBE_DESC>
      <Z_NTINDEX>0002</Z_NTINDEX>
      <Z_IND_LENGHT>4219.000</Z_IND_LENGHT>
      <Z_TUBE_STS>3</Z_TUBE_STS>
      <ZGRP_NUM>00000000440206</ZGRP_NUM>
      <ZTEMPL>SD1062</ZTEMPL>
      <ZFIBER>RMF01768</ZFIBER>
      <Z_FIBER_DESC>SMF-G652B/D SMF-VIOLET</Z_FIBER_DESC>
      <ZIDX_FIB>106</ZIDX_FIB>
      <CHARG>FSB0295038</CHARG>
      <Z_IND_LENGHT2>9.088</Z_IND_LENGHT2>
      <ZMLOSS>33</ZMLOSS>
      <LICHA>242441034108</LICHA>
      <Z_INT_TUBEINDEX>0000</Z_INT_TUBEINDEX>
      <Z_EXT_IDX_RQMTS>000000000000</Z_EXT_IDX_RQMTS>
      <Z1PSE_E1FSP502I SEGMENT="1">
        <ATNAM>ATTN_1385</ATNAM>
        <AUSP1>.282</AUSP1>
      </Z1PSE_E1FSP502I>
      <Z1PSE_E1FSP502I SEGMENT="1">
        <ATNAM>ATTN_1310</ATNAM>
        <AUSP1>.324</AUSP1>
      </Z1PSE_E1FSP502I>
      <Z1PSE_E1FSP502I SEGMENT="1">
        <ATNAM>ATTN_1550</ATNAM>
        <AUSP1>.186</AUSP1>
      </Z1PSE_E1FSP502I>
      <Z1PSE_E1FSP502I SEGMENT="1">
        <ATNAM>ATTN_1530</ATNAM>
        <AUSP1>.19</AUSP1>
      </Z1PSE_E1FSP502I>
      <Z1PSE_E1FSP502I SEGMENT="1">
        <ATNAM>ATTN_1625</ATNAM>
        <AUSP1>.198</AUSP1>
      </Z1PSE_E1FSP502I>
    </Z1PSE_E1FSP502H>
    <Z1PSE_E1FSP502H SEGMENT="1">
      <WERKS>RO10</WERKS>
      <AUFNR>000082954159</AUFNR>
      <Z_ELE_LENGHT>8438.000</Z_ELE_LENGHT>
      <POSNR>0001</POSNR>
      <ZCABLE>000000000060028592</ZCABLE>
      <ZCABLE_TEXT>LWL-B4YT2Y 8X12E9/125G652D T/R4KE-NT7134</ZCABLE_TEXT>
      <ZILFN>01</ZILFN>
      <ZIDX_RQMTS>000004126335</ZIDX_RQMTS>
      <Z_TUBE_ID>P00104560</Z_TUBE_ID>
      <Z_TUBE_DESC>LT250180012-SD1062-GNGEL</Z_TUBE_DESC>
      <Z_NTINDEX>0002</Z_NTINDEX>
      <Z_IND_LENGHT>4219.000</Z_IND_LENGHT>
      <Z_TUBE_STS>3</Z_TUBE_STS>
      <ZGRP_NUM>00000000440206</ZGRP_NUM>
      <ZTEMPL>SD1062</ZTEMPL>
      <ZFIBER>RMF01721</ZFIBER>
      <Z_FIBER_DESC>SMF-G652B/D SMF-NATURAL</Z_FIBER_DESC>
      <ZIDX_FIB>105</ZIDX_FIB>
      <CHARG>DSB1041099</CHARG>
      <Z_IND_LENGHT2>8.702</Z_IND_LENGHT2>
      <ZMLOSS>33</ZMLOSS>
      <LICHA>DSB1041099</LICHA>
      <Z_INT_TUBEINDEX>0000</Z_INT_TUBEINDEX>
      <Z_EXT_IDX_RQMTS>000000000000</Z_EXT_IDX_RQMTS>
      <Z1PSE_E1FSP502I SEGMENT="1">
        <ATNAM>ATTN_1385</ATNAM>
        <AUSP1>0.277</AUSP1>
      </Z1PSE_E1FSP502I>
      <Z1PSE_E1FSP502I SEGMENT="1">
        <ATNAM>ATTN_1310</ATNAM>
        <AUSP1>0.330</AUSP1>
      </Z1PSE_E1FSP502I>
      <Z1PSE_E1FSP502I SEGMENT="1">
        <ATNAM>ATTN_1550</ATNAM>
        <AUSP1>0.190</AUSP1>
      </Z1PSE_E1FSP502I>
      <Z1PSE_E1FSP502I SEGMENT="1">
        <ATNAM>ATTN_1530</ATNAM>
        <AUSP1>0.194</AUSP1>
      </Z1PSE_E1FSP502I>
      <Z1PSE_E1FSP502I SEGMENT="1">
        <ATNAM>ATTN_1625</ATNAM>
        <AUSP1>0.200</AUSP1>
      </Z1PSE_E1FSP502I>
    </Z1PSE_E1FSP502H>
    <Z1PSE_E1FSP502H SEGMENT="1">
      <WERKS>RO10</WERKS>
      <AUFNR>000082954159</AUFNR>
      <Z_ELE_LENGHT>8438.000</Z_ELE_LENGHT>
      <POSNR>0001</POSNR>
      <ZCABLE>000000000060028592</ZCABLE>
      <ZCABLE_TEXT>LWL-B4YT2Y 8X12E9/125G652D T/R4KE-NT7134</ZCABLE_TEXT>
      <ZILFN>01</ZILFN>
      <ZIDX_RQMTS>000004126335</ZIDX_RQMTS>
      <Z_TUBE_ID>P00104560</Z_TUBE_ID>
      <Z_TUBE_DESC>LT250180012-SD1062-GNGEL</Z_TUBE_DESC>
      <Z_NTINDEX>0002</Z_NTINDEX>
      <Z_IND_LENGHT>4219.000</Z_IND_LENGHT>
      <Z_TUBE_STS>3</Z_TUBE_STS>
      <ZGRP_NUM>00000000440206</ZGRP_NUM>
      <ZTEMPL>SD1062</ZTEMPL>
      <ZFIBER>RMF01736</ZFIBER>
      <Z_FIBER_DESC>SMF-G652B/D SMF-BLUE</Z_FIBER_DESC>
      <ZIDX_FIB>104</ZIDX_FIB>
      <CHARG>FSC0017325</CHARG>
      <Z_IND_LENGHT2>11.526</Z_IND_LENGHT2>
      <ZMLOSS>33</ZMLOSS>
      <LICHA>321409821112</LICHA>
      <Z_INT_TUBEINDEX>0000</Z_INT_TUBEINDEX>
      <Z_EXT_IDX_RQMTS>000000000000</Z_EXT_IDX_RQMTS>
      <Z1PSE_E1FSP502I SEGMENT="1">
        <ATNAM>ATTN_1385</ATNAM>
        <AUSP1>.273</AUSP1>
      </Z1PSE_E1FSP502I>
      <Z1PSE_E1FSP502I SEGMENT="1">
        <ATNAM>ATTN_1310</ATNAM>
        <AUSP1>.325</AUSP1>
      </Z1PSE_E1FSP502I>
      <Z1PSE_E1FSP502I SEGMENT="1">
        <ATNAM>ATTN_1550</ATNAM>
        <AUSP1>.188</AUSP1>
      </Z1PSE_E1FSP502I>
      <Z1PSE_E1FSP502I SEGMENT="1">
        <ATNAM>ATTN_1530</ATNAM>
        <AUSP1>.192</AUSP1>
      </Z1PSE_E1FSP502I>
      <Z1PSE_E1FSP502I SEGMENT="1">
        <ATNAM>ATTN_1625</ATNAM>
        <AUSP1>.199</AUSP1>
      </Z1PSE_E1FSP502I>
    </Z1PSE_E1FSP502H>
    <Z1PSE_E1FSP502H SEGMENT="1">
      <WERKS>RO10</WERKS>
      <AUFNR>000082954159</AUFNR>
      <Z_ELE_LENGHT>8438.000</Z_ELE_LENGHT>
      <POSNR>0001</POSNR>
      <ZCABLE>000000000060028592</ZCABLE>
      <ZCABLE_TEXT>LWL-B4YT2Y 8X12E9/125G652D T/R4KE-NT7134</ZCABLE_TEXT>
      <ZILFN>01</ZILFN>
      <ZIDX_RQMTS>000004126335</ZIDX_RQMTS>
      <Z_TUBE_ID>P00104560</Z_TUBE_ID>
      <Z_TUBE_DESC>LT250180012-SD1062-GNGEL</Z_TUBE_DESC>
      <Z_NTINDEX>0002</Z_NTINDEX>
      <Z_IND_LENGHT>4219.000</Z_IND_LENGHT>
      <Z_TUBE_STS>3</Z_TUBE_STS>
      <ZGRP_NUM>00000000440206</ZGRP_NUM>
      <ZTEMPL>SD1062</ZTEMPL>
      <ZFIBER>RMF01776</ZFIBER>
      <Z_FIBER_DESC>SMF-G652B/D SMF-YELLOW</Z_FIBER_DESC>
      <ZIDX_FIB>103</ZIDX_FIB>
      <CHARG>FSC0014119</CHARG>
      <Z_IND_LENGHT2>10.966</Z_IND_LENGHT2>
      <ZMLOSS>33</ZMLOSS>
      <LICHA>241442434114</LICHA>
      <Z_INT_TUBEINDEX>0000</Z_INT_TUBEINDEX>
      <Z_EXT_IDX_RQMTS>000000000000</Z_EXT_IDX_RQMTS>
      <Z1PSE_E1FSP502I SEGMENT="1">
        <ATNAM>ATTN_1385</ATNAM>
        <AUSP1>.272</AUSP1>
      </Z1PSE_E1FSP502I>
      <Z1PSE_E1FSP502I SEGMENT="1">
        <ATNAM>ATTN_1310</ATNAM>
        <AUSP1>.324</AUSP1>
      </Z1PSE_E1FSP502I>
      <Z1PSE_E1FSP502I SEGMENT="1">
        <ATNAM>ATTN_1550</ATNAM>
        <AUSP1>.188</AUSP1>
      </Z1PSE_E1FSP502I>
      <Z1PSE_E1FSP502I SEGMENT="1">
        <ATNAM>ATTN_1530</ATNAM>
        <AUSP1>.192</AUSP1>
      </Z1PSE_E1FSP502I>
      <Z1PSE_E1FSP502I SEGMENT="1">
        <ATNAM>ATTN_1625</ATNAM>
        <AUSP1>.197</AUSP1>
      </Z1PSE_E1FSP502I>
    </Z1PSE_E1FSP502H>
    <Z1PSE_E1FSP502H SEGMENT="1">
      <WERKS>RO10</WERKS>
      <AUFNR>000082954159</AUFNR>
      <Z_ELE_LENGHT>8438.000</Z_ELE_LENGHT>
      <POSNR>0001</POSNR>
      <ZCABLE>000000000060028592</ZCABLE>
      <ZCABLE_TEXT>LWL-B4YT2Y 8X12E9/125G652D T/R4KE-NT7134</ZCABLE_TEXT>
      <ZILFN>01</ZILFN>
      <ZIDX_RQMTS>000004126335</ZIDX_RQMTS>
      <Z_TUBE_ID>P00104560</Z_TUBE_ID>
      <Z_TUBE_DESC>LT250180012-SD1062-GNGEL</Z_TUBE_DESC>
      <Z_NTINDEX>0002</Z_NTINDEX>
      <Z_IND_LENGHT>4219.000</Z_IND_LENGHT>
      <Z_TUBE_STS>3</Z_TUBE_STS>
      <ZGRP_NUM>00000000440206</ZGRP_NUM>
      <ZTEMPL>SD1062</ZTEMPL>
      <ZFIBER>RMF01752</ZFIBER>
      <Z_FIBER_DESC>SMF-G652B/D SMF-GREEN</Z_FIBER_DESC>
      <ZIDX_FIB>102</ZIDX_FIB>
      <CHARG>FSB0275696</CHARG>
      <Z_IND_LENGHT2>24.022</Z_IND_LENGHT2>
      <ZMLOSS>33</ZMLOSS>
      <LICHA>223339134121</LICHA>
      <Z_INT_TUBEINDEX>0000</Z_INT_TUBEINDEX>
      <Z_EXT_IDX_RQMTS>000000000000</Z_EXT_IDX_RQMTS>
      <Z1PSE_E1FSP502I SEGMENT="1">
        <ATNAM>ATTN_1385</ATNAM>
        <AUSP1>.284</AUSP1>
      </Z1PSE_E1FSP502I>
      <Z1PSE_E1FSP502I SEGMENT="1">
        <ATNAM>ATTN_1310</ATNAM>
        <AUSP1>.34</AUSP1>
      </Z1PSE_E1FSP502I>
      <Z1PSE_E1FSP502I SEGMENT="1">
        <ATNAM>ATTN_1550</ATNAM>
        <AUSP1>.195</AUSP1>
      </Z1PSE_E1FSP502I>
      <Z1PSE_E1FSP502I SEGMENT="1">
        <ATNAM>ATTN_1530</ATNAM>
        <AUSP1>.2</AUSP1>
      </Z1PSE_E1FSP502I>
      <Z1PSE_E1FSP502I SEGMENT="1">
        <ATNAM>ATTN_1625</ATNAM>
        <AUSP1>.203</AUSP1>
      </Z1PSE_E1FSP502I>
    </Z1PSE_E1FSP502H>
    <Z1PSE_E1FSP502H SEGMENT="1">
      <WERKS>RO10</WERKS>
      <AUFNR>000082954159</AUFNR>
      <Z_ELE_LENGHT>8438.000</Z_ELE_LENGHT>
      <POSNR>0001</POSNR>
      <ZCABLE>000000000060028592</ZCABLE>
      <ZCABLE_TEXT>LWL-B4YT2Y 8X12E9/125G652D T/R4KE-NT7134</ZCABLE_TEXT>
      <ZILFN>01</ZILFN>
      <ZIDX_RQMTS>000004126335</ZIDX_RQMTS>
      <Z_TUBE_ID>P00104560</Z_TUBE_ID>
      <Z_TUBE_DESC>LT250180012-SD1062-GNGEL</Z_TUBE_DESC>
      <Z_NTINDEX>0002</Z_NTINDEX>
      <Z_IND_LENGHT>4219.000</Z_IND_LENGHT>
      <Z_TUBE_STS>3</Z_TUBE_STS>
      <ZGRP_NUM>00000000440206</ZGRP_NUM>
      <ZTEMPL>SD1062</ZTEMPL>
      <ZFIBER>RMF01744</ZFIBER>
      <Z_FIBER_DESC>SMF-G652B/D SMF-RED</Z_FIBER_DESC>
      <ZIDX_FIB>101</ZIDX_FIB>
      <CHARG>LOT0000118</CHARG>
      <Z_IND_LENGHT2>50.000</Z_IND_LENGHT2>
      <ZMLOSS>33</ZMLOSS>
      <Z_INT_TUBEINDEX>0000</Z_INT_TUBEINDEX>
      <Z_EXT_IDX_RQMTS>000000000000</Z_EXT_IDX_RQMTS>
      <Z1PSE_E1FSP502I SEGMENT="1">
        <ATNAM>ATTN_1550</ATNAM>
        <AUSP1>0.218</AUSP1>
      </Z1PSE_E1FSP502I>
    </Z1PSE_E1FSP502H>
    <Z1PSE_E1FSP502H SEGMENT="1">
      <WERKS>RO10</WERKS>
      <AUFNR>000082954159</AUFNR>
      <Z_ELE_LENGHT>8438.000</Z_ELE_LENGHT>
      <POSNR>0001</POSNR>
      <ZCABLE>000000000060028592</ZCABLE>
      <ZCABLE_TEXT>LWL-B4YT2Y 8X12E9/125G652D T/R4KE-NT7134</ZCABLE_TEXT>
      <ZILFN>02</ZILFN>
      <ZIDX_RQMTS>000004126344</ZIDX_RQMTS>
      <Z_TUBE_ID>P00104560</Z_TUBE_ID>
      <Z_TUBE_DESC>LT250180012-SD1062-GNGEL</Z_TUBE_DESC>
      <Z_NTINDEX>0002</Z_NTINDEX>
      <Z_IND_LENGHT>4219.000</Z_IND_LENGHT>
      <Z_TUBE_STS>3</Z_TUBE_STS>
      <ZGRP_NUM>00000000440206</ZGRP_NUM>
      <ZTEMPL>SD1062</ZTEMPL>
      <ZFIBER>RMF01744</ZFIBER>
      <Z_FIBER_DESC>SMF-G652B/D SMF-RED</Z_FIBER_DESC>
      <ZIDX_FIB>101</ZIDX_FIB>
      <CHARG>LOT0000118</CHARG>
      <Z_IND_LENGHT2>50.000</Z_IND_LENGHT2>
      <ZMLOSS>33</ZMLOSS>
      <Z_INT_TUBEINDEX>0000</Z_INT_TUBEINDEX>
      <Z_EXT_IDX_RQMTS>000000000000</Z_EXT_IDX_RQMTS>
      <Z1PSE_E1FSP502I SEGMENT="1">
        <ATNAM>ATTN_1550</ATNAM>
        <AUSP1>0.218</AUSP1>
      </Z1PSE_E1FSP502I>
    </Z1PSE_E1FSP502H>
    <Z1PSE_E1FSP502H SEGMENT="1">
      <WERKS>RO10</WERKS>
      <AUFNR>000082954159</AUFNR>
      <Z_ELE_LENGHT>8438.000</Z_ELE_LENGHT>
      <POSNR>0001</POSNR>
      <ZCABLE>000000000060028592</ZCABLE>
      <ZCABLE_TEXT>LWL-B4YT2Y 8X12E9/125G652D T/R4KE-NT7134</ZCABLE_TEXT>
      <ZILFN>02</ZILFN>
      <ZIDX_RQMTS>000004126344</ZIDX_RQMTS>
      <Z_TUBE_ID>P00104560</Z_TUBE_ID>
      <Z_TUBE_DESC>LT250180012-SD1062-GNGEL</Z_TUBE_DESC>
      <Z_NTINDEX>0002</Z_NTINDEX>
      <Z_IND_LENGHT>4219.000</Z_IND_LENGHT>
      <Z_TUBE_STS>3</Z_TUBE_STS>
      <ZGRP_NUM>00000000440206</ZGRP_NUM>
      <ZTEMPL>SD1062</ZTEMPL>
      <ZFIBER>RMF01752</ZFIBER>
      <Z_FIBER_DESC>SMF-G652B/D SMF-GREEN</Z_FIBER_DESC>
      <ZIDX_FIB>102</ZIDX_FIB>
      <CHARG>FSB0275696</CHARG>
      <Z_IND_LENGHT2>24.022</Z_IND_LENGHT2>
      <ZMLOSS>33</ZMLOSS>
      <LICHA>223339134121</LICHA>
      <Z_INT_TUBEINDEX>0000</Z_INT_TUBEINDEX>
      <Z_EXT_IDX_RQMTS>000000000000</Z_EXT_IDX_RQMTS>
      <Z1PSE_E1FSP502I SEGMENT="1">
        <ATNAM>ATTN_1385</ATNAM>
        <AUSP1>.284</AUSP1>
      </Z1PSE_E1FSP502I>
      <Z1PSE_E1FSP502I SEGMENT="1">
        <ATNAM>ATTN_1310</ATNAM>
        <AUSP1>.34</AUSP1>
      </Z1PSE_E1FSP502I>
      <Z1PSE_E1FSP502I SEGMENT="1">
        <ATNAM>ATTN_1550</ATNAM>
        <AUSP1>.195</AUSP1>
      </Z1PSE_E1FSP502I>
      <Z1PSE_E1FSP502I SEGMENT="1">
        <ATNAM>ATTN_1530</ATNAM>
        <AUSP1>.2</AUSP1>
      </Z1PSE_E1FSP502I>
      <Z1PSE_E1FSP502I SEGMENT="1">
        <ATNAM>ATTN_1625</ATNAM>
        <AUSP1>.203</AUSP1>
      </Z1PSE_E1FSP502I>
    </Z1PSE_E1FSP502H>
    <Z1PSE_E1FSP502H SEGMENT="1">
      <WERKS>RO10</WERKS>
      <AUFNR>000082954159</AUFNR>
      <Z_ELE_LENGHT>8438.000</Z_ELE_LENGHT>
      <POSNR>0001</POSNR>
      <ZCABLE>000000000060028592</ZCABLE>
      <ZCABLE_TEXT>LWL-B4YT2Y 8X12E9/125G652D T/R4KE-NT7134</ZCABLE_TEXT>
      <ZILFN>02</ZILFN>
      <ZIDX_RQMTS>000004126344</ZIDX_RQMTS>
      <Z_TUBE_ID>P00104560</Z_TUBE_ID>
      <Z_TUBE_DESC>LT250180012-SD1062-GNGEL</Z_TUBE_DESC>
      <Z_NTINDEX>0002</Z_NTINDEX>
      <Z_IND_LENGHT>4219.000</Z_IND_LENGHT>
      <Z_TUBE_STS>3</Z_TUBE_STS>
      <ZGRP_NUM>00000000440206</ZGRP_NUM>
      <ZTEMPL>SD1062</ZTEMPL>
      <ZFIBER>RMF01776</ZFIBER>
      <Z_FIBER_DESC>SMF-G652B/D SMF-YELLOW</Z_FIBER_DESC>
      <ZIDX_FIB>103</ZIDX_FIB>
      <CHARG>FSC0014119</CHARG>
      <Z_IND_LENGHT2>10.966</Z_IND_LENGHT2>
      <ZMLOSS>33</ZMLOSS>
      <LICHA>241442434114</LICHA>
      <Z_INT_TUBEINDEX>0000</Z_INT_TUBEINDEX>
      <Z_EXT_IDX_RQMTS>000000000000</Z_EXT_IDX_RQMTS>
      <Z1PSE_E1FSP502I SEGMENT="1">
        <ATNAM>ATTN_1385</ATNAM>
        <AUSP1>.272</AUSP1>
      </Z1PSE_E1FSP502I>
      <Z1PSE_E1FSP502I SEGMENT="1">
        <ATNAM>ATTN_1310</ATNAM>
        <AUSP1>.324</AUSP1>
      </Z1PSE_E1FSP502I>
      <Z1PSE_E1FSP502I SEGMENT="1">
        <ATNAM>ATTN_1550</ATNAM>
        <AUSP1>.188</AUSP1>
      </Z1PSE_E1FSP502I>
      <Z1PSE_E1FSP502I SEGMENT="1">
        <ATNAM>ATTN_1530</ATNAM>
        <AUSP1>.192</AUSP1>
      </Z1PSE_E1FSP502I>
      <Z1PSE_E1FSP502I SEGMENT="1">
        <ATNAM>ATTN_1625</ATNAM>
        <AUSP1>.197</AUSP1>
      </Z1PSE_E1FSP502I>
    </Z1PSE_E1FSP502H>
    <Z1PSE_E1FSP502H SEGMENT="1">
      <WERKS>RO10</WERKS>
      <AUFNR>000082954159</AUFNR>
      <Z_ELE_LENGHT>8438.000</Z_ELE_LENGHT>
      <POSNR>0001</POSNR>
      <ZCABLE>000000000060028592</ZCABLE>
      <ZCABLE_TEXT>LWL-B4YT2Y 8X12E9/125G652D T/R4KE-NT7134</ZCABLE_TEXT>
      <ZILFN>02</ZILFN>
      <ZIDX_RQMTS>000004126344</ZIDX_RQMTS>
      <Z_TUBE_ID>P00104560</Z_TUBE_ID>
      <Z_TUBE_DESC>LT250180012-SD1062-GNGEL</Z_TUBE_DESC>
      <Z_NTINDEX>0002</Z_NTINDEX>
      <Z_IND_LENGHT>4219.000</Z_IND_LENGHT>
      <Z_TUBE_STS>3</Z_TUBE_STS>
      <ZGRP_NUM>00000000440206</ZGRP_NUM>
      <ZTEMPL>SD1062</ZTEMPL>
      <ZFIBER>RMF01736</ZFIBER>
      <Z_FIBER_DESC>SMF-G652B/D SMF-BLUE</Z_FIBER_DESC>
      <ZIDX_FIB>104</ZIDX_FIB>
      <CHARG>FSC0017325</CHARG>
      <Z_IND_LENGHT2>11.526</Z_IND_LENGHT2>
      <ZMLOSS>33</ZMLOSS>
      <LICHA>321409821112</LICHA>
      <Z_INT_TUBEINDEX>0000</Z_INT_TUBEINDEX>
      <Z_EXT_IDX_RQMTS>000000000000</Z_EXT_IDX_RQMTS>
      <Z1PSE_E1FSP502I SEGMENT="1">
        <ATNAM>ATTN_1385</ATNAM>
        <AUSP1>.273</AUSP1>
      </Z1PSE_E1FSP502I>
      <Z1PSE_E1FSP502I SEGMENT="1">
        <ATNAM>ATTN_1310</ATNAM>
        <AUSP1>.325</AUSP1>
      </Z1PSE_E1FSP502I>
      <Z1PSE_E1FSP502I SEGMENT="1">
        <ATNAM>ATTN_1550</ATNAM>
        <AUSP1>.188</AUSP1>
      </Z1PSE_E1FSP502I>
      <Z1PSE_E1FSP502I SEGMENT="1">
        <ATNAM>ATTN_1530</ATNAM>
        <AUSP1>.192</AUSP1>
      </Z1PSE_E1FSP502I>
      <Z1PSE_E1FSP502I SEGMENT="1">
        <ATNAM>ATTN_1625</ATNAM>
        <AUSP1>.199</AUSP1>
      </Z1PSE_E1FSP502I>
    </Z1PSE_E1FSP502H>
    <Z1PSE_E1FSP502H SEGMENT="1">
      <WERKS>RO10</WERKS>
      <AUFNR>000082954159</AUFNR>
      <Z_ELE_LENGHT>8438.000</Z_ELE_LENGHT>
      <POSNR>0001</POSNR>
      <ZCABLE>000000000060028592</ZCABLE>
      <ZCABLE_TEXT>LWL-B4YT2Y 8X12E9/125G652D T/R4KE-NT7134</ZCABLE_TEXT>
      <ZILFN>02</ZILFN>
      <ZIDX_RQMTS>000004126344</ZIDX_RQMTS>
      <Z_TUBE_ID>P00104560</Z_TUBE_ID>
      <Z_TUBE_DESC>LT250180012-SD1062-GNGEL</Z_TUBE_DESC>
      <Z_NTINDEX>0002</Z_NTINDEX>
      <Z_IND_LENGHT>4219.000</Z_IND_LENGHT>
      <Z_TUBE_STS>3</Z_TUBE_STS>
      <ZGRP_NUM>00000000440206</ZGRP_NUM>
      <ZTEMPL>SD1062</ZTEMPL>
      <ZFIBER>RMF01721</ZFIBER>
      <Z_FIBER_DESC>SMF-G652B/D SMF-NATURAL</Z_FIBER_DESC>
      <ZIDX_FIB>105</ZIDX_FIB>
      <CHARG>DSB1041099</CHARG>
      <Z_IND_LENGHT2>8.702</Z_IND_LENGHT2>
      <ZMLOSS>33</ZMLOSS>
      <LICHA>DSB1041099</LICHA>
      <Z_INT_TUBEINDEX>0000</Z_INT_TUBEINDEX>
      <Z_EXT_IDX_RQMTS>000000000000</Z_EXT_IDX_RQMTS>
      <Z1PSE_E1FSP502I SEGMENT="1">
        <ATNAM>ATTN_1385</ATNAM>
        <AUSP1>0.277</AUSP1>
      </Z1PSE_E1FSP502I>
      <Z1PSE_E1FSP502I SEGMENT="1">
        <ATNAM>ATTN_1310</ATNAM>
        <AUSP1>0.330</AUSP1>
      </Z1PSE_E1FSP502I>
      <Z1PSE_E1FSP502I SEGMENT="1">
        <ATNAM>ATTN_1550</ATNAM>
        <AUSP1>0.190</AUSP1>
      </Z1PSE_E1FSP502I>
      <Z1PSE_E1FSP502I SEGMENT="1">
        <ATNAM>ATTN_1530</ATNAM>
        <AUSP1>0.194</AUSP1>
      </Z1PSE_E1FSP502I>
      <Z1PSE_E1FSP502I SEGMENT="1">
        <ATNAM>ATTN_1625</ATNAM>
        <AUSP1>0.200</AUSP1>
      </Z1PSE_E1FSP502I>
    </Z1PSE_E1FSP502H>
    <Z1PSE_E1FSP502H SEGMENT="1">
      <WERKS>RO10</WERKS>
      <AUFNR>000082954159</AUFNR>
      <Z_ELE_LENGHT>8438.000</Z_ELE_LENGHT>
      <POSNR>0001</POSNR>
      <ZCABLE>000000000060028592</ZCABLE>
      <ZCABLE_TEXT>LWL-B4YT2Y 8X12E9/125G652D T/R4KE-NT7134</ZCABLE_TEXT>
      <ZILFN>02</ZILFN>
      <ZIDX_RQMTS>000004126344</ZIDX_RQMTS>
      <Z_TUBE_ID>P00104560</Z_TUBE_ID>
      <Z_TUBE_DESC>LT250180012-SD1062-GNGEL</Z_TUBE_DESC>
      <Z_NTINDEX>0002</Z_NTINDEX>
      <Z_IND_LENGHT>4219.000</Z_IND_LENGHT>
      <Z_TUBE_STS>3</Z_TUBE_STS>
      <ZGRP_NUM>00000000440206</ZGRP_NUM>
      <ZTEMPL>SD1062</ZTEMPL>
      <ZFIBER>RMF01768</ZFIBER>
      <Z_FIBER_DESC>SMF-G652B/D SMF-VIOLET</Z_FIBER_DESC>
      <ZIDX_FIB>106</ZIDX_FIB>
      <CHARG>FSB0295038</CHARG>
      <Z_IND_LENGHT2>9.088</Z_IND_LENGHT2>
      <ZMLOSS>33</ZMLOSS>
      <LICHA>242441034108</LICHA>
      <Z_INT_TUBEINDEX>0000</Z_INT_TUBEINDEX>
      <Z_EXT_IDX_RQMTS>000000000000</Z_EXT_IDX_RQMTS>
      <Z1PSE_E1FSP502I SEGMENT="1">
        <ATNAM>ATTN_1385</ATNAM>
        <AUSP1>.282</AUSP1>
      </Z1PSE_E1FSP502I>
      <Z1PSE_E1FSP502I SEGMENT="1">
        <ATNAM>ATTN_1310</ATNAM>
        <AUSP1>.324</AUSP1>
      </Z1PSE_E1FSP502I>
      <Z1PSE_E1FSP502I SEGMENT="1">
        <ATNAM>ATTN_1550</ATNAM>
        <AUSP1>.186</AUSP1>
      </Z1PSE_E1FSP502I>
      <Z1PSE_E1FSP502I SEGMENT="1">
        <ATNAM>ATTN_1530</ATNAM>
        <AUSP1>.19</AUSP1>
      </Z1PSE_E1FSP502I>
      <Z1PSE_E1FSP502I SEGMENT="1">
        <ATNAM>ATTN_1625</ATNAM>
        <AUSP1>.198</AUSP1>
      </Z1PSE_E1FSP502I>
    </Z1PSE_E1FSP502H>
    <Z1PSE_E1FSP502H SEGMENT="1">
      <WERKS>RO10</WERKS>
      <AUFNR>000082954159</AUFNR>
      <Z_ELE_LENGHT>8438.000</Z_ELE_LENGHT>
      <POSNR>0001</POSNR>
      <ZCABLE>000000000060028592</ZCABLE>
      <ZCABLE_TEXT>LWL-B4YT2Y 8X12E9/125G652D T/R4KE-NT7134</ZCABLE_TEXT>
      <ZILFN>02</ZILFN>
      <ZIDX_RQMTS>000004126344</ZIDX_RQMTS>
      <Z_TUBE_ID>P00104560</Z_TUBE_ID>
      <Z_TUBE_DESC>LT250180012-SD1062-GNGEL</Z_TUBE_DESC>
      <Z_NTINDEX>0002</Z_NTINDEX>
      <Z_IND_LENGHT>4219.000</Z_IND_LENGHT>
      <Z_TUBE_STS>3</Z_TUBE_STS>
      <ZGRP_NUM>00000000440206</ZGRP_NUM>
      <ZTEMPL>SD1062</ZTEMPL>
      <ZFIBER>RMF01808</ZFIBER>
      <Z_FIBER_DESC>SMF-G652B/D SMF-ORANGE</Z_FIBER_DESC>
      <ZIDX_FIB>107</ZIDX_FIB>
      <CHARG>FSB0292435</CHARG>
      <Z_IND_LENGHT2>10.160</Z_IND_LENGHT2>
      <ZMLOSS>33</ZMLOSS>
      <LICHA>353286921139</LICHA>
      <Z_INT_TUBEINDEX>0000</Z_INT_TUBEINDEX>
      <Z_EXT_IDX_RQMTS>000000000000</Z_EXT_IDX_RQMTS>
      <Z1PSE_E1FSP502I SEGMENT="1">
        <ATNAM>ATTN_1385</ATNAM>
        <AUSP1>.286</AUSP1>
      </Z1PSE_E1FSP502I>
      <Z1PSE_E1FSP502I SEGMENT="1">
        <ATNAM>ATTN_1310</ATNAM>
        <AUSP1>.321</AUSP1>
      </Z1PSE_E1FSP502I>
      <Z1PSE_E1FSP502I SEGMENT="1">
        <ATNAM>ATTN_1550</ATNAM>
        <AUSP1>.186</AUSP1>
      </Z1PSE_E1FSP502I>
      <Z1PSE_E1FSP502I SEGMENT="1">
        <ATNAM>ATTN_1530</ATNAM>
        <AUSP1>.19</AUSP1>
      </Z1PSE_E1FSP502I>
      <Z1PSE_E1FSP502I SEGMENT="1">
        <ATNAM>ATTN_1625</ATNAM>
        <AUSP1>.196</AUSP1>
      </Z1PSE_E1FSP502I>
    </Z1PSE_E1FSP502H>
    <Z1PSE_E1FSP502H SEGMENT="1">
      <WERKS>RO10</WERKS>
      <AUFNR>000082954159</AUFNR>
      <Z_ELE_LENGHT>8438.000</Z_ELE_LENGHT>
      <POSNR>0001</POSNR>
      <ZCABLE>000000000060028592</ZCABLE>
      <ZCABLE_TEXT>LWL-B4YT2Y 8X12E9/125G652D T/R4KE-NT7134</ZCABLE_TEXT>
      <ZILFN>02</ZILFN>
      <ZIDX_RQMTS>000004126344</ZIDX_RQMTS>
      <Z_TUBE_ID>P00104560</Z_TUBE_ID>
      <Z_TUBE_DESC>LT250180012-SD1062-GNGEL</Z_TUBE_DESC>
      <Z_NTINDEX>0002</Z_NTINDEX>
      <Z_IND_LENGHT>4219.000</Z_IND_LENGHT>
      <Z_TUBE_STS>3</Z_TUBE_STS>
      <ZGRP_NUM>00000000440206</ZGRP_NUM>
      <ZTEMPL>SD1062</ZTEMPL>
      <ZFIBER>RMF01728</ZFIBER>
      <Z_FIBER_DESC>SMF-G652B/D SMF-BLACK</Z_FIBER_DESC>
      <ZIDX_FIB>108</ZIDX_FIB>
      <CHARG>FSB0295695</CHARG>
      <Z_IND_LENGHT2>10.450</Z_IND_LENGHT2>
      <ZMLOSS>33</ZMLOSS>
      <LICHA>293317821118</LICHA>
      <Z_INT_TUBEINDEX>0000</Z_INT_TUBEINDEX>
      <Z_EXT_IDX_RQMTS>000000000000</Z_EXT_IDX_RQMTS>
      <Z1PSE_E1FSP502I SEGMENT="1">
        <ATNAM>ATTN_1385</ATNAM>
        <AUSP1>.271</AUSP1>
      </Z1PSE_E1FSP502I>
      <Z1PSE_E1FSP502I SEGMENT="1">
        <ATNAM>ATTN_1310</ATNAM>
        <AUSP1>.326</AUSP1>
      </Z1PSE_E1FSP502I>
      <Z1PSE_E1FSP502I SEGMENT="1">
        <ATNAM>ATTN_1550</ATNAM>
        <AUSP1>.19</AUSP1>
      </Z1PSE_E1FSP502I>
      <Z1PSE_E1FSP502I SEGMENT="1">
        <ATNAM>ATTN_1530</ATNAM>
        <AUSP1>.195</AUSP1>
      </Z1PSE_E1FSP502I>
      <Z1PSE_E1FSP502I SEGMENT="1">
        <ATNAM>ATTN_1625</ATNAM>
        <AUSP1>.199</AUSP1>
      </Z1PSE_E1FSP502I>
    </Z1PSE_E1FSP502H>
    <Z1PSE_E1FSP502H SEGMENT="1">
      <WERKS>RO10</WERKS>
      <AUFNR>000082954159</AUFNR>
      <Z_ELE_LENGHT>8438.000</Z_ELE_LENGHT>
      <POSNR>0001</POSNR>
      <ZCABLE>000000000060028592</ZCABLE>
      <ZCABLE_TEXT>LWL-B4YT2Y 8X12E9/125G652D T/R4KE-NT7134</ZCABLE_TEXT>
      <ZILFN>02</ZILFN>
      <ZIDX_RQMTS>000004126344</ZIDX_RQMTS>
      <Z_TUBE_ID>P00104560</Z_TUBE_ID>
      <Z_TUBE_DESC>LT250180012-SD1062-GNGEL</Z_TUBE_DESC>
      <Z_NTINDEX>0002</Z_NTINDEX>
      <Z_IND_LENGHT>4219.000</Z_IND_LENGHT>
      <Z_TUBE_STS>3</Z_TUBE_STS>
      <ZGRP_NUM>00000000440206</ZGRP_NUM>
      <ZTEMPL>SD1062</ZTEMPL>
      <ZFIBER>RMF01792</ZFIBER>
      <Z_FIBER_DESC>SMF-G652B/D SMF-GREY</Z_FIBER_DESC>
      <ZIDX_FIB>109</ZIDX_FIB>
      <CHARG>FSB0295409</CHARG>
      <Z_IND_LENGHT2>20.358</Z_IND_LENGHT2>
      <ZMLOSS>33</ZMLOSS>
      <LICHA>253396734106</LICHA>
      <Z_INT_TUBEINDEX>0000</Z_INT_TUBEINDEX>
      <Z_EXT_IDX_RQMTS>000000000000</Z_EXT_IDX_RQMTS>
      <Z1PSE_E1FSP502I SEGMENT="1">
        <ATNAM>ATTN_1385</ATNAM>
        <AUSP1>.279</AUSP1>
      </Z1PSE_E1FSP502I>
      <Z1PSE_E1FSP502I SEGMENT="1">
        <ATNAM>ATTN_1310</ATNAM>
        <AUSP1>.327</AUSP1>
      </Z1PSE_E1FSP502I>
      <Z1PSE_E1FSP502I SEGMENT="1">
        <ATNAM>ATTN_1550</ATNAM>
        <AUSP1>.19</AUSP1>
      </Z1PSE_E1FSP502I>
      <Z1PSE_E1FSP502I SEGMENT="1">
        <ATNAM>ATTN_1530</ATNAM>
        <AUSP1>.195</AUSP1>
      </Z1PSE_E1FSP502I>
      <Z1PSE_E1FSP502I SEGMENT="1">
        <ATNAM>ATTN_1625</ATNAM>
        <AUSP1>.202</AUSP1>
      </Z1PSE_E1FSP502I>
    </Z1PSE_E1FSP502H>
    <Z1PSE_E1FSP502H SEGMENT="1">
      <WERKS>RO10</WERKS>
      <AUFNR>000082954159</AUFNR>
      <Z_ELE_LENGHT>8438.000</Z_ELE_LENGHT>
      <POSNR>0001</POSNR>
      <ZCABLE>000000000060028592</ZCABLE>
      <ZCABLE_TEXT>LWL-B4YT2Y 8X12E9/125G652D T/R4KE-NT7134</ZCABLE_TEXT>
      <ZILFN>02</ZILFN>
      <ZIDX_RQMTS>000004126344</ZIDX_RQMTS>
      <Z_TUBE_ID>P00104560</Z_TUBE_ID>
      <Z_TUBE_DESC>LT250180012-SD1062-GNGEL</Z_TUBE_DESC>
      <Z_NTINDEX>0002</Z_NTINDEX>
      <Z_IND_LENGHT>4219.000</Z_IND_LENGHT>
      <Z_TUBE_STS>3</Z_TUBE_STS>
      <ZGRP_NUM>00000000440206</ZGRP_NUM>
      <ZTEMPL>SD1062</ZTEMPL>
      <ZFIBER>RMF01784</ZFIBER>
      <Z_FIBER_DESC>SMF-G652B/D SMF-BROWN</Z_FIBER_DESC>
      <ZIDX_FIB>110</ZIDX_FIB>
      <CHARG>FSC0010112</CHARG>
      <Z_IND_LENGHT2>18.267</Z_IND_LENGHT2>
      <ZMLOSS>33</ZMLOSS>
      <LICHA>263349521116</LICHA>
      <Z_INT_TUBEINDEX>0000</Z_INT_TUBEINDEX>
      <Z_EXT_IDX_RQMTS>000000000000</Z_EXT_IDX_RQMTS>
      <Z1PSE_E1FSP502I SEGMENT="1">
        <ATNAM>ATTN_1385</ATNAM>
        <AUSP1>.269</AUSP1>
      </Z1PSE_E1FSP502I>
      <Z1PSE_E1FSP502I SEGMENT="1">
        <ATNAM>ATTN_1310</ATNAM>
        <AUSP1>.324</AUSP1>
      </Z1PSE_E1FSP502I>
      <Z1PSE_E1FSP502I SEGMENT="1">
        <ATNAM>ATTN_1550</ATNAM>
        <AUSP1>.188</AUSP1>
      </Z1PSE_E1FSP502I>
      <Z1PSE_E1FSP502I SEGMENT="1">
        <ATNAM>ATTN_1530</ATNAM>
        <AUSP1>.192</AUSP1>
      </Z1PSE_E1FSP502I>
      <Z1PSE_E1FSP502I SEGMENT="1">
        <ATNAM>ATTN_1625</ATNAM>
        <AUSP1>.199</AUSP1>
      </Z1PSE_E1FSP502I>
    </Z1PSE_E1FSP502H>
    <Z1PSE_E1FSP502H SEGMENT="1">
      <WERKS>RO10</WERKS>
      <AUFNR>000082954159</AUFNR>
      <Z_ELE_LENGHT>8438.000</Z_ELE_LENGHT>
      <POSNR>0001</POSNR>
      <ZCABLE>000000000060028592</ZCABLE>
      <ZCABLE_TEXT>LWL-B4YT2Y 8X12E9/125G652D T/R4KE-NT7134</ZCABLE_TEXT>
      <ZILFN>02</ZILFN>
      <ZIDX_RQMTS>000004126344</ZIDX_RQMTS>
      <Z_TUBE_ID>P00104560</Z_TUBE_ID>
      <Z_TUBE_DESC>LT250180012-SD1062-GNGEL</Z_TUBE_DESC>
      <Z_NTINDEX>0002</Z_NTINDEX>
      <Z_IND_LENGHT>4219.000</Z_IND_LENGHT>
      <Z_TUBE_STS>3</Z_TUBE_STS>
      <ZGRP_NUM>00000000440206</ZGRP_NUM>
      <ZTEMPL>SD1062</ZTEMPL>
      <ZFIBER>RMF01816</ZFIBER>
      <Z_FIBER_DESC>SMF-G652B/D SMF-TURQUOIS</Z_FIBER_DESC>
      <ZIDX_FIB>111</ZIDX_FIB>
      <CHARG>RO11396455</CHARG>
      <Z_IND_LENGHT2>11.800</Z_IND_LENGHT2>
      <ZMLOSS>33</ZMLOSS>
      <LICHA>163561234140</LICHA>
      <Z_INT_TUBEINDEX>0000</Z_INT_TUBEINDEX>
      <Z_EXT_IDX_RQMTS>000000000000</Z_EXT_IDX_RQMTS>
      <Z1PSE_E1FSP502I SEGMENT="1">
        <ATNAM>ATTN_1385</ATNAM>
        <AUSP1>.269</AUSP1>
      </Z1PSE_E1FSP502I>
      <Z1PSE_E1FSP502I SEGMENT="1">
        <ATNAM>ATTN_1310</ATNAM>
        <AUSP1>.326</AUSP1>
      </Z1PSE_E1FSP502I>
      <Z1PSE_E1FSP502I SEGMENT="1">
        <ATNAM>ATTN_1550</ATNAM>
        <AUSP1>.188</AUSP1>
      </Z1PSE_E1FSP502I>
      <Z1PSE_E1FSP502I SEGMENT="1">
        <ATNAM>ATTN_1530</ATNAM>
        <AUSP1>.192</AUSP1>
      </Z1PSE_E1FSP502I>
      <Z1PSE_E1FSP502I SEGMENT="1">
        <ATNAM>ATTN_1625</ATNAM>
        <AUSP1>.2</AUSP1>
      </Z1PSE_E1FSP502I>
    </Z1PSE_E1FSP502H>
    <Z1PSE_E1FSP502H SEGMENT="1">
      <WERKS>RO10</WERKS>
      <AUFNR>000082954159</AUFNR>
      <Z_ELE_LENGHT>8438.000</Z_ELE_LENGHT>
      <POSNR>0001</POSNR>
      <ZCABLE>000000000060028592</ZCABLE>
      <ZCABLE_TEXT>LWL-B4YT2Y 8X12E9/125G652D T/R4KE-NT7134</ZCABLE_TEXT>
      <ZILFN>02</ZILFN>
      <ZIDX_RQMTS>000004126344</ZIDX_RQMTS>
      <Z_TUBE_ID>P00104560</Z_TUBE_ID>
      <Z_TUBE_DESC>LT250180012-SD1062-GNGEL</Z_TUBE_DESC>
      <Z_NTINDEX>0002</Z_NTINDEX>
      <Z_IND_LENGHT>4219.000</Z_IND_LENGHT>
      <Z_TUBE_STS>3</Z_TUBE_STS>
      <ZGRP_NUM>00000000440206</ZGRP_NUM>
      <ZTEMPL>SD1062</ZTEMPL>
      <ZFIBER>RMF01760</ZFIBER>
      <Z_FIBER_DESC>SMF-G652B/D SMF-WHITE</Z_FIBER_DESC>
      <ZIDX_FIB>112</ZIDX_FIB>
      <CHARG>FSB0299502</CHARG>
      <Z_IND_LENGHT2>9.648</Z_IND_LENGHT2>
      <ZMLOSS>33</ZMLOSS>
      <LICHA>232422821112</LICHA>
      <Z_INT_TUBEINDEX>0000</Z_INT_TUBEINDEX>
      <Z_EXT_IDX_RQMTS>000000000000</Z_EXT_IDX_RQMTS>
      <Z1PSE_E1FSP502I SEGMENT="1">
        <ATNAM>ATTN_1385</ATNAM>
        <AUSP1>.28</AUSP1>
      </Z1PSE_E1FSP502I>
      <Z1PSE_E1FSP502I SEGMENT="1">
        <ATNAM>ATTN_1310</ATNAM>
        <AUSP1>.326</AUSP1>
      </Z1PSE_E1FSP502I>
      <Z1PSE_E1FSP502I SEGMENT="1">
        <ATNAM>ATTN_1550</ATNAM>
        <AUSP1>.19</AUSP1>
      </Z1PSE_E1FSP502I>
      <Z1PSE_E1FSP502I SEGMENT="1">
        <ATNAM>ATTN_1530</ATNAM>
        <AUSP1>.194</AUSP1>
      </Z1PSE_E1FSP502I>
      <Z1PSE_E1FSP502I SEGMENT="1">
        <ATNAM>ATTN_1625</ATNAM>
        <AUSP1>.202</AUSP1>
      </Z1PSE_E1FSP502I>
    </Z1PSE_E1FSP502H>
  </IDOC>
</ZPSE_FIBTUBE>