﻿<ZPSE_FIBTUBE>
  <IDOC BEGIN="1">
    <EDI_DC40 SEGMENT="1">
      <TABNAM>EDI_DC40</TABNAM>
      <MANDT>010</MANDT>
      <DOCNUM>0000000195939235</DOCNUM>
      <DOCREL>740</DOCREL>
      <STATUS>30</STATUS>
      <DIRECT>1</DIRECT>
      <OUTMOD>2</OUTMOD>
      <IDOCTYP>ZPSE_FIBTUBE</IDOCTYP>
      <MESTYP>ZPSE_FIBERSEL</MESTYP>
      <SNDPOR>SAPSEP</SNDPOR>
      <SNDPRT>LS</SNDPRT>
      <SNDPRN>SEPCLNT010</SNDPRN>
      <RCVPOR>YXMLRO10</RCVPOR>
      <RCVPRT>LS</RCVPRT>
      <RCVPRN>YFTPFTRO10</RCVPRN>
      <CREDAT>20190917</CREDAT>
      <CRETIM>132846</CRETIM>
      <SERIAL>20190917132846</SERIAL>
    </EDI_DC40>
    <Z1PSE_E1FSP502H SEGMENT="1">
      <WERKS>RO10</WERKS>
      <AUFNR>000082954159</AUFNR>
      <Z_ELE_LENGHT>8438.000</Z_ELE_LENGHT>
      <POSNR>0001</POSNR>
      <ZCABLE>000000000060028592</ZCABLE>
      <ZCABLE_TEXT>LWL-B4YT2Y 8X12E9/125G652D T/R4KE-NT7134</ZCABLE_TEXT>
      <ZILFN>01</ZILFN>
      <ZIDX_RQMTS>000004126334</ZIDX_RQMTS>
      <Z_TUBE_ID>P00104559</Z_TUBE_ID>
      <Z_TUBE_DESC>LT250180012-SD1062-RDGEL</Z_TUBE_DESC>
      <Z_NTINDEX>0001</Z_NTINDEX>
      <Z_IND_LENGHT>4219.000</Z_IND_LENGHT>
      <Z_TUBE_STS>3</Z_TUBE_STS>
      <ZGRP_NUM>00000000440209</ZGRP_NUM>
      <ZTEMPL>SD1062</ZTEMPL>
      <ZFIBER>RMF01760</ZFIBER>
      <Z_FIBER_DESC>SMF-G652B/D SMF-WHITE</Z_FIBER_DESC>
      <ZIDX_FIB>112</ZIDX_FIB>
      <CHARG>FSB0294256</CHARG>
      <Z_IND_LENGHT2>10.100</Z_IND_LENGHT2>
      <ZMLOSS>34</ZMLOSS>
      <LICHA>291318221110</LICHA>
      <Z_INT_TUBEINDEX>0000</Z_INT_TUBEINDEX>
      <Z_EXT_IDX_RQMTS>000000000000</Z_EXT_IDX_RQMTS>
      <Z1PSE_E1FSP502I SEGMENT="1">
        <ATNAM>ATTN_1385</ATNAM>
        <AUSP1>.27</AUSP1>
      </Z1PSE_E1FSP502I>
      <Z1PSE_E1FSP502I SEGMENT="1">
        <ATNAM>ATTN_1310</ATNAM>
        <AUSP1>.323</AUSP1>
      </Z1PSE_E1FSP502I>
      <Z1PSE_E1FSP502I SEGMENT="1">
        <ATNAM>ATTN_1550</ATNAM>
        <AUSP1>.189</AUSP1>
      </Z1PSE_E1FSP502I>
      <Z1PSE_E1FSP502I SEGMENT="1">
        <ATNAM>ATTN_1530</ATNAM>
        <AUSP1>.193</AUSP1>
      </Z1PSE_E1FSP502I>
      <Z1PSE_E1FSP502I SEGMENT="1">
        <ATNAM>ATTN_1625</ATNAM>
        <AUSP1>.204</AUSP1>
      </Z1PSE_E1FSP502I>
    </Z1PSE_E1FSP502H>
    <Z1PSE_E1FSP502H SEGMENT="1">
      <WERKS>RO10</WERKS>
      <AUFNR>000082954159</AUFNR>
      <Z_ELE_LENGHT>8438.000</Z_ELE_LENGHT>
      <POSNR>0001</POSNR>
      <ZCABLE>000000000060028592</ZCABLE>
      <ZCABLE_TEXT>LWL-B4YT2Y 8X12E9/125G652D T/R4KE-NT7134</ZCABLE_TEXT>
      <ZILFN>01</ZILFN>
      <ZIDX_RQMTS>000004126334</ZIDX_RQMTS>
      <Z_TUBE_ID>P00104559</Z_TUBE_ID>
      <Z_TUBE_DESC>LT250180012-SD1062-RDGEL</Z_TUBE_DESC>
      <Z_NTINDEX>0001</Z_NTINDEX>
      <Z_IND_LENGHT>4219.000</Z_IND_LENGHT>
      <Z_TUBE_STS>3</Z_TUBE_STS>
      <ZGRP_NUM>00000000440209</ZGRP_NUM>
      <ZTEMPL>SD1062</ZTEMPL>
      <ZFIBER>RMF01816</ZFIBER>
      <Z_FIBER_DESC>SMF-G652B/D SMF-TURQUOIS</Z_FIBER_DESC>
      <ZIDX_FIB>111</ZIDX_FIB>
      <CHARG>RO11286482</CHARG>
      <Z_IND_LENGHT2>12.100</Z_IND_LENGHT2>
      <ZMLOSS>34</ZMLOSS>
      <LICHA>162561534106</LICHA>
      <Z_INT_TUBEINDEX>0000</Z_INT_TUBEINDEX>
      <Z_EXT_IDX_RQMTS>000000000000</Z_EXT_IDX_RQMTS>
      <Z1PSE_E1FSP502I SEGMENT="1">
        <ATNAM>ATTN_1385</ATNAM>
        <AUSP1>.272</AUSP1>
      </Z1PSE_E1FSP502I>
      <Z1PSE_E1FSP502I SEGMENT="1">
        <ATNAM>ATTN_1310</ATNAM>
        <AUSP1>.326</AUSP1>
      </Z1PSE_E1FSP502I>
      <Z1PSE_E1FSP502I SEGMENT="1">
        <ATNAM>ATTN_1550</ATNAM>
        <AUSP1>.189</AUSP1>
      </Z1PSE_E1FSP502I>
      <Z1PSE_E1FSP502I SEGMENT="1">
        <ATNAM>ATTN_1530</ATNAM>
        <AUSP1>.193</AUSP1>
      </Z1PSE_E1FSP502I>
      <Z1PSE_E1FSP502I SEGMENT="1">
        <ATNAM>ATTN_1625</ATNAM>
        <AUSP1>.202</AUSP1>
      </Z1PSE_E1FSP502I>
    </Z1PSE_E1FSP502H>
    <Z1PSE_E1FSP502H SEGMENT="1">
      <WERKS>RO10</WERKS>
      <AUFNR>000082954159</AUFNR>
      <Z_ELE_LENGHT>8438.000</Z_ELE_LENGHT>
      <POSNR>0001</POSNR>
      <ZCABLE>000000000060028592</ZCABLE>
      <ZCABLE_TEXT>LWL-B4YT2Y 8X12E9/125G652D T/R4KE-NT7134</ZCABLE_TEXT>
      <ZILFN>01</ZILFN>
      <ZIDX_RQMTS>000004126334</ZIDX_RQMTS>
      <Z_TUBE_ID>P00104559</Z_TUBE_ID>
      <Z_TUBE_DESC>LT250180012-SD1062-RDGEL</Z_TUBE_DESC>
      <Z_NTINDEX>0001</Z_NTINDEX>
      <Z_IND_LENGHT>4219.000</Z_IND_LENGHT>
      <Z_TUBE_STS>3</Z_TUBE_STS>
      <ZGRP_NUM>00000000440209</ZGRP_NUM>
      <ZTEMPL>SD1062</ZTEMPL>
      <ZFIBER>RMF01784</ZFIBER>
      <Z_FIBER_DESC>SMF-G652B/D SMF-BROWN</Z_FIBER_DESC>
      <ZIDX_FIB>110</ZIDX_FIB>
      <CHARG>FSB0299966</CHARG>
      <Z_IND_LENGHT2>18.322</Z_IND_LENGHT2>
      <ZMLOSS>34</ZMLOSS>
      <LICHA>261348734117</LICHA>
      <Z_INT_TUBEINDEX>0000</Z_INT_TUBEINDEX>
      <Z_EXT_IDX_RQMTS>000000000000</Z_EXT_IDX_RQMTS>
      <Z1PSE_E1FSP502I SEGMENT="1">
        <ATNAM>ATTN_1385</ATNAM>
        <AUSP1>.271</AUSP1>
      </Z1PSE_E1FSP502I>
      <Z1PSE_E1FSP502I SEGMENT="1">
        <ATNAM>ATTN_1310</ATNAM>
        <AUSP1>.322</AUSP1>
      </Z1PSE_E1FSP502I>
      <Z1PSE_E1FSP502I SEGMENT="1">
        <ATNAM>ATTN_1550</ATNAM>
        <AUSP1>.187</AUSP1>
      </Z1PSE_E1FSP502I>
      <Z1PSE_E1FSP502I SEGMENT="1">
        <ATNAM>ATTN_1530</ATNAM>
        <AUSP1>.191</AUSP1>
      </Z1PSE_E1FSP502I>
      <Z1PSE_E1FSP502I SEGMENT="1">
        <ATNAM>ATTN_1625</ATNAM>
        <AUSP1>.202</AUSP1>
      </Z1PSE_E1FSP502I>
    </Z1PSE_E1FSP502H>
    <Z1PSE_E1FSP502H SEGMENT="1">
      <WERKS>RO10</WERKS>
      <AUFNR>000082954159</AUFNR>
      <Z_ELE_LENGHT>8438.000</Z_ELE_LENGHT>
      <POSNR>0001</POSNR>
      <ZCABLE>000000000060028592</ZCABLE>
      <ZCABLE_TEXT>LWL-B4YT2Y 8X12E9/125G652D T/R4KE-NT7134</ZCABLE_TEXT>
      <ZILFN>01</ZILFN>
      <ZIDX_RQMTS>000004126334</ZIDX_RQMTS>
      <Z_TUBE_ID>P00104559</Z_TUBE_ID>
      <Z_TUBE_DESC>LT250180012-SD1062-RDGEL</Z_TUBE_DESC>
      <Z_NTINDEX>0001</Z_NTINDEX>
      <Z_IND_LENGHT>4219.000</Z_IND_LENGHT>
      <Z_TUBE_STS>3</Z_TUBE_STS>
      <ZGRP_NUM>00000000440209</ZGRP_NUM>
      <ZTEMPL>SD1062</ZTEMPL>
      <ZFIBER>RMF01792</ZFIBER>
      <Z_FIBER_DESC>SMF-G652B/D SMF-GREY</Z_FIBER_DESC>
      <ZIDX_FIB>109</ZIDX_FIB>
      <CHARG>FSB0300022</CHARG>
      <Z_IND_LENGHT2>20.527</Z_IND_LENGHT2>
      <ZMLOSS>34</ZMLOSS>
      <LICHA>222340721121</LICHA>
      <Z_INT_TUBEINDEX>0000</Z_INT_TUBEINDEX>
      <Z_EXT_IDX_RQMTS>000000000000</Z_EXT_IDX_RQMTS>
      <Z1PSE_E1FSP502I SEGMENT="1">
        <ATNAM>ATTN_1385</ATNAM>
        <AUSP1>.286</AUSP1>
      </Z1PSE_E1FSP502I>
      <Z1PSE_E1FSP502I SEGMENT="1">
        <ATNAM>ATTN_1310</ATNAM>
        <AUSP1>.327</AUSP1>
      </Z1PSE_E1FSP502I>
      <Z1PSE_E1FSP502I SEGMENT="1">
        <ATNAM>ATTN_1550</ATNAM>
        <AUSP1>.189</AUSP1>
      </Z1PSE_E1FSP502I>
      <Z1PSE_E1FSP502I SEGMENT="1">
        <ATNAM>ATTN_1530</ATNAM>
        <AUSP1>.194</AUSP1>
      </Z1PSE_E1FSP502I>
      <Z1PSE_E1FSP502I SEGMENT="1">
        <ATNAM>ATTN_1625</ATNAM>
        <AUSP1>.202</AUSP1>
      </Z1PSE_E1FSP502I>
    </Z1PSE_E1FSP502H>
    <Z1PSE_E1FSP502H SEGMENT="1">
      <WERKS>RO10</WERKS>
      <AUFNR>000082954159</AUFNR>
      <Z_ELE_LENGHT>8438.000</Z_ELE_LENGHT>
      <POSNR>0001</POSNR>
      <ZCABLE>000000000060028592</ZCABLE>
      <ZCABLE_TEXT>LWL-B4YT2Y 8X12E9/125G652D T/R4KE-NT7134</ZCABLE_TEXT>
      <ZILFN>01</ZILFN>
      <ZIDX_RQMTS>000004126334</ZIDX_RQMTS>
      <Z_TUBE_ID>P00104559</Z_TUBE_ID>
      <Z_TUBE_DESC>LT250180012-SD1062-RDGEL</Z_TUBE_DESC>
      <Z_NTINDEX>0001</Z_NTINDEX>
      <Z_IND_LENGHT>4219.000</Z_IND_LENGHT>
      <Z_TUBE_STS>3</Z_TUBE_STS>
      <ZGRP_NUM>00000000440209</ZGRP_NUM>
      <ZTEMPL>SD1062</ZTEMPL>
      <ZFIBER>RMF01728</ZFIBER>
      <Z_FIBER_DESC>SMF-G652B/D SMF-BLACK</Z_FIBER_DESC>
      <ZIDX_FIB>108</ZIDX_FIB>
      <CHARG>RO11402143</CHARG>
      <Z_IND_LENGHT2>10.700</Z_IND_LENGHT2>
      <ZMLOSS>34</ZMLOSS>
      <LICHA>312406934121</LICHA>
      <Z_INT_TUBEINDEX>0000</Z_INT_TUBEINDEX>
      <Z_EXT_IDX_RQMTS>000000000000</Z_EXT_IDX_RQMTS>
      <Z1PSE_E1FSP502I SEGMENT="1">
        <ATNAM>ATTN_1385</ATNAM>
        <AUSP1>.306</AUSP1>
      </Z1PSE_E1FSP502I>
      <Z1PSE_E1FSP502I SEGMENT="1">
        <ATNAM>ATTN_1310</ATNAM>
        <AUSP1>.327</AUSP1>
      </Z1PSE_E1FSP502I>
      <Z1PSE_E1FSP502I SEGMENT="1">
        <ATNAM>ATTN_1550</ATNAM>
        <AUSP1>.189</AUSP1>
      </Z1PSE_E1FSP502I>
      <Z1PSE_E1FSP502I SEGMENT="1">
        <ATNAM>ATTN_1530</ATNAM>
        <AUSP1>.194</AUSP1>
      </Z1PSE_E1FSP502I>
      <Z1PSE_E1FSP502I SEGMENT="1">
        <ATNAM>ATTN_1625</ATNAM>
        <AUSP1>.199</AUSP1>
      </Z1PSE_E1FSP502I>
    </Z1PSE_E1FSP502H>
    <Z1PSE_E1FSP502H SEGMENT="1">
      <WERKS>RO10</WERKS>
      <AUFNR>000082954159</AUFNR>
      <Z_ELE_LENGHT>8438.000</Z_ELE_LENGHT>
      <POSNR>0001</POSNR>
      <ZCABLE>000000000060028592</ZCABLE>
      <ZCABLE_TEXT>LWL-B4YT2Y 8X12E9/125G652D T/R4KE-NT7134</ZCABLE_TEXT>
      <ZILFN>01</ZILFN>
      <ZIDX_RQMTS>000004126334</ZIDX_RQMTS>
      <Z_TUBE_ID>P00104559</Z_TUBE_ID>
      <Z_TUBE_DESC>LT250180012-SD1062-RDGEL</Z_TUBE_DESC>
      <Z_NTINDEX>0001</Z_NTINDEX>
      <Z_IND_LENGHT>4219.000</Z_IND_LENGHT>
      <Z_TUBE_STS>3</Z_TUBE_STS>
      <ZGRP_NUM>00000000440209</ZGRP_NUM>
      <ZTEMPL>SD1062</ZTEMPL>
      <ZFIBER>RMF01808</ZFIBER>
      <Z_FIBER_DESC>SMF-G652B/D SMF-ORANGE</Z_FIBER_DESC>
      <ZIDX_FIB>107</ZIDX_FIB>
      <CHARG>FSC0015676</CHARG>
      <Z_IND_LENGHT2>10.200</Z_IND_LENGHT2>
      <ZMLOSS>34</ZMLOSS>
      <LICHA>273343321133</LICHA>
      <Z_INT_TUBEINDEX>0000</Z_INT_TUBEINDEX>
      <Z_EXT_IDX_RQMTS>000000000000</Z_EXT_IDX_RQMTS>
      <Z1PSE_E1FSP502I SEGMENT="1">
        <ATNAM>ATTN_1385</ATNAM>
        <AUSP1>.271</AUSP1>
      </Z1PSE_E1FSP502I>
      <Z1PSE_E1FSP502I SEGMENT="1">
        <ATNAM>ATTN_1310</ATNAM>
        <AUSP1>.328</AUSP1>
      </Z1PSE_E1FSP502I>
      <Z1PSE_E1FSP502I SEGMENT="1">
        <ATNAM>ATTN_1550</ATNAM>
        <AUSP1>.188</AUSP1>
      </Z1PSE_E1FSP502I>
      <Z1PSE_E1FSP502I SEGMENT="1">
        <ATNAM>ATTN_1530</ATNAM>
        <AUSP1>.193</AUSP1>
      </Z1PSE_E1FSP502I>
      <Z1PSE_E1FSP502I SEGMENT="1">
        <ATNAM>ATTN_1625</ATNAM>
        <AUSP1>.2</AUSP1>
      </Z1PSE_E1FSP502I>
    </Z1PSE_E1FSP502H>
    <Z1PSE_E1FSP502H SEGMENT="1">
      <WERKS>RO10</WERKS>
      <AUFNR>000082954159</AUFNR>
      <Z_ELE_LENGHT>8438.000</Z_ELE_LENGHT>
      <POSNR>0001</POSNR>
      <ZCABLE>000000000060028592</ZCABLE>
      <ZCABLE_TEXT>LWL-B4YT2Y 8X12E9/125G652D T/R4KE-NT7134</ZCABLE_TEXT>
      <ZILFN>01</ZILFN>
      <ZIDX_RQMTS>000004126334</ZIDX_RQMTS>
      <Z_TUBE_ID>P00104559</Z_TUBE_ID>
      <Z_TUBE_DESC>LT250180012-SD1062-RDGEL</Z_TUBE_DESC>
      <Z_NTINDEX>0001</Z_NTINDEX>
      <Z_IND_LENGHT>4219.000</Z_IND_LENGHT>
      <Z_TUBE_STS>3</Z_TUBE_STS>
      <ZGRP_NUM>00000000440209</ZGRP_NUM>
      <ZTEMPL>SD1062</ZTEMPL>
      <ZFIBER>RMF01768</ZFIBER>
      <Z_FIBER_DESC>SMF-G652B/D SMF-VIOLET</Z_FIBER_DESC>
      <ZIDX_FIB>106</ZIDX_FIB>
      <CHARG>FSB0293318</CHARG>
      <Z_IND_LENGHT2>9.108</Z_IND_LENGHT2>
      <ZMLOSS>34</ZMLOSS>
      <LICHA>143553534130</LICHA>
      <Z_INT_TUBEINDEX>0000</Z_INT_TUBEINDEX>
      <Z_EXT_IDX_RQMTS>000000000000</Z_EXT_IDX_RQMTS>
      <Z1PSE_E1FSP502I SEGMENT="1">
        <ATNAM>ATTN_1385</ATNAM>
        <AUSP1>.272</AUSP1>
      </Z1PSE_E1FSP502I>
      <Z1PSE_E1FSP502I SEGMENT="1">
        <ATNAM>ATTN_1310</ATNAM>
        <AUSP1>.321</AUSP1>
      </Z1PSE_E1FSP502I>
      <Z1PSE_E1FSP502I SEGMENT="1">
        <ATNAM>ATTN_1550</ATNAM>
        <AUSP1>.186</AUSP1>
      </Z1PSE_E1FSP502I>
      <Z1PSE_E1FSP502I SEGMENT="1">
        <ATNAM>ATTN_1530</ATNAM>
        <AUSP1>.19</AUSP1>
      </Z1PSE_E1FSP502I>
      <Z1PSE_E1FSP502I SEGMENT="1">
        <ATNAM>ATTN_1625</ATNAM>
        <AUSP1>.202</AUSP1>
      </Z1PSE_E1FSP502I>
    </Z1PSE_E1FSP502H>
    <Z1PSE_E1FSP502H SEGMENT="1">
      <WERKS>RO10</WERKS>
      <AUFNR>000082954159</AUFNR>
      <Z_ELE_LENGHT>8438.000</Z_ELE_LENGHT>
      <POSNR>0001</POSNR>
      <ZCABLE>000000000060028592</ZCABLE>
      <ZCABLE_TEXT>LWL-B4YT2Y 8X12E9/125G652D T/R4KE-NT7134</ZCABLE_TEXT>
      <ZILFN>01</ZILFN>
      <ZIDX_RQMTS>000004126334</ZIDX_RQMTS>
      <Z_TUBE_ID>P00104559</Z_TUBE_ID>
      <Z_TUBE_DESC>LT250180012-SD1062-RDGEL</Z_TUBE_DESC>
      <Z_NTINDEX>0001</Z_NTINDEX>
      <Z_IND_LENGHT>4219.000</Z_IND_LENGHT>
      <Z_TUBE_STS>3</Z_TUBE_STS>
      <ZGRP_NUM>00000000440209</ZGRP_NUM>
      <ZTEMPL>SD1062</ZTEMPL>
      <ZFIBER>RMF01721</ZFIBER>
      <Z_FIBER_DESC>SMF-G652B/D SMF-NATURAL</Z_FIBER_DESC>
      <ZIDX_FIB>105</ZIDX_FIB>
      <CHARG>DSB1045944</CHARG>
      <Z_IND_LENGHT2>8.720</Z_IND_LENGHT2>
      <ZMLOSS>34</ZMLOSS>
      <LICHA>DSB1045944</LICHA>
      <Z_INT_TUBEINDEX>0000</Z_INT_TUBEINDEX>
      <Z_EXT_IDX_RQMTS>000000000000</Z_EXT_IDX_RQMTS>
      <Z1PSE_E1FSP502I SEGMENT="1">
        <ATNAM>ATTN_1385</ATNAM>
        <AUSP1>0.267</AUSP1>
      </Z1PSE_E1FSP502I>
      <Z1PSE_E1FSP502I SEGMENT="1">
        <ATNAM>ATTN_1310</ATNAM>
        <AUSP1>0.324</AUSP1>
      </Z1PSE_E1FSP502I>
      <Z1PSE_E1FSP502I SEGMENT="1">
        <ATNAM>ATTN_1550</ATNAM>
        <AUSP1>0.194</AUSP1>
      </Z1PSE_E1FSP502I>
      <Z1PSE_E1FSP502I SEGMENT="1">
        <ATNAM>ATTN_1530</ATNAM>
        <AUSP1>0.197</AUSP1>
      </Z1PSE_E1FSP502I>
      <Z1PSE_E1FSP502I SEGMENT="1">
        <ATNAM>ATTN_1625</ATNAM>
        <AUSP1>0.203</AUSP1>
      </Z1PSE_E1FSP502I>
    </Z1PSE_E1FSP502H>
    <Z1PSE_E1FSP502H SEGMENT="1">
      <WERKS>RO10</WERKS>
      <AUFNR>000082954159</AUFNR>
      <Z_ELE_LENGHT>8438.000</Z_ELE_LENGHT>
      <POSNR>0001</POSNR>
      <ZCABLE>000000000060028592</ZCABLE>
      <ZCABLE_TEXT>LWL-B4YT2Y 8X12E9/125G652D T/R4KE-NT7134</ZCABLE_TEXT>
      <ZILFN>01</ZILFN>
      <ZIDX_RQMTS>000004126334</ZIDX_RQMTS>
      <Z_TUBE_ID>P00104559</Z_TUBE_ID>
      <Z_TUBE_DESC>LT250180012-SD1062-RDGEL</Z_TUBE_DESC>
      <Z_NTINDEX>0001</Z_NTINDEX>
      <Z_IND_LENGHT>4219.000</Z_IND_LENGHT>
      <Z_TUBE_STS>3</Z_TUBE_STS>
      <ZGRP_NUM>00000000440209</ZGRP_NUM>
      <ZTEMPL>SD1062</ZTEMPL>
      <ZFIBER>RMF01736</ZFIBER>
      <Z_FIBER_DESC>SMF-G652B/D SMF-BLUE</Z_FIBER_DESC>
      <ZIDX_FIB>104</ZIDX_FIB>
      <CHARG>RO11401870</CHARG>
      <Z_IND_LENGHT2>11.700</Z_IND_LENGHT2>
      <ZMLOSS>34</ZMLOSS>
      <LICHA>303324134118</LICHA>
      <Z_INT_TUBEINDEX>0000</Z_INT_TUBEINDEX>
      <Z_EXT_IDX_RQMTS>000000000000</Z_EXT_IDX_RQMTS>
      <Z1PSE_E1FSP502I SEGMENT="1">
        <ATNAM>ATTN_1385</ATNAM>
        <AUSP1>.275</AUSP1>
      </Z1PSE_E1FSP502I>
      <Z1PSE_E1FSP502I SEGMENT="1">
        <ATNAM>ATTN_1310</ATNAM>
        <AUSP1>.327</AUSP1>
      </Z1PSE_E1FSP502I>
      <Z1PSE_E1FSP502I SEGMENT="1">
        <ATNAM>ATTN_1550</ATNAM>
        <AUSP1>.19</AUSP1>
      </Z1PSE_E1FSP502I>
      <Z1PSE_E1FSP502I SEGMENT="1">
        <ATNAM>ATTN_1530</ATNAM>
        <AUSP1>.195</AUSP1>
      </Z1PSE_E1FSP502I>
      <Z1PSE_E1FSP502I SEGMENT="1">
        <ATNAM>ATTN_1625</ATNAM>
        <AUSP1>.204</AUSP1>
      </Z1PSE_E1FSP502I>
    </Z1PSE_E1FSP502H>
    <Z1PSE_E1FSP502H SEGMENT="1">
      <WERKS>RO10</WERKS>
      <AUFNR>000082954159</AUFNR>
      <Z_ELE_LENGHT>8438.000</Z_ELE_LENGHT>
      <POSNR>0001</POSNR>
      <ZCABLE>000000000060028592</ZCABLE>
      <ZCABLE_TEXT>LWL-B4YT2Y 8X12E9/125G652D T/R4KE-NT7134</ZCABLE_TEXT>
      <ZILFN>01</ZILFN>
      <ZIDX_RQMTS>000004126334</ZIDX_RQMTS>
      <Z_TUBE_ID>P00104559</Z_TUBE_ID>
      <Z_TUBE_DESC>LT250180012-SD1062-RDGEL</Z_TUBE_DESC>
      <Z_NTINDEX>0001</Z_NTINDEX>
      <Z_IND_LENGHT>4219.000</Z_IND_LENGHT>
      <Z_TUBE_STS>3</Z_TUBE_STS>
      <ZGRP_NUM>00000000440209</ZGRP_NUM>
      <ZTEMPL>SD1062</ZTEMPL>
      <ZFIBER>RMF01776</ZFIBER>
      <Z_FIBER_DESC>SMF-G652B/D SMF-YELLOW</Z_FIBER_DESC>
      <ZIDX_FIB>103</ZIDX_FIB>
      <CHARG>FSC0018408</CHARG>
      <Z_IND_LENGHT2>11.067</Z_IND_LENGHT2>
      <ZMLOSS>34</ZMLOSS>
      <LICHA>301327921103</LICHA>
      <Z_INT_TUBEINDEX>0000</Z_INT_TUBEINDEX>
      <Z_EXT_IDX_RQMTS>000000000000</Z_EXT_IDX_RQMTS>
      <Z1PSE_E1FSP502I SEGMENT="1">
        <ATNAM>ATTN_1385</ATNAM>
        <AUSP1>.27</AUSP1>
      </Z1PSE_E1FSP502I>
      <Z1PSE_E1FSP502I SEGMENT="1">
        <ATNAM>ATTN_1310</ATNAM>
        <AUSP1>.325</AUSP1>
      </Z1PSE_E1FSP502I>
      <Z1PSE_E1FSP502I SEGMENT="1">
        <ATNAM>ATTN_1550</ATNAM>
        <AUSP1>.187</AUSP1>
      </Z1PSE_E1FSP502I>
      <Z1PSE_E1FSP502I SEGMENT="1">
        <ATNAM>ATTN_1530</ATNAM>
        <AUSP1>.191</AUSP1>
      </Z1PSE_E1FSP502I>
      <Z1PSE_E1FSP502I SEGMENT="1">
        <ATNAM>ATTN_1625</ATNAM>
        <AUSP1>.199</AUSP1>
      </Z1PSE_E1FSP502I>
    </Z1PSE_E1FSP502H>
    <Z1PSE_E1FSP502H SEGMENT="1">
      <WERKS>RO10</WERKS>
      <AUFNR>000082954159</AUFNR>
      <Z_ELE_LENGHT>8438.000</Z_ELE_LENGHT>
      <POSNR>0001</POSNR>
      <ZCABLE>000000000060028592</ZCABLE>
      <ZCABLE_TEXT>LWL-B4YT2Y 8X12E9/125G652D T/R4KE-NT7134</ZCABLE_TEXT>
      <ZILFN>01</ZILFN>
      <ZIDX_RQMTS>000004126334</ZIDX_RQMTS>
      <Z_TUBE_ID>P00104559</Z_TUBE_ID>
      <Z_TUBE_DESC>LT250180012-SD1062-RDGEL</Z_TUBE_DESC>
      <Z_NTINDEX>0001</Z_NTINDEX>
      <Z_IND_LENGHT>4219.000</Z_IND_LENGHT>
      <Z_TUBE_STS>3</Z_TUBE_STS>
      <ZGRP_NUM>00000000440209</ZGRP_NUM>
      <ZTEMPL>SD1062</ZTEMPL>
      <ZFIBER>RMF01752</ZFIBER>
      <Z_FIBER_DESC>SMF-G652B/D SMF-GREEN</Z_FIBER_DESC>
      <ZIDX_FIB>102</ZIDX_FIB>
      <CHARG>FSC0000288</CHARG>
      <Z_IND_LENGHT2>24.262</Z_IND_LENGHT2>
      <ZMLOSS>34</ZMLOSS>
      <LICHA>272342521132</LICHA>
      <Z_INT_TUBEINDEX>0000</Z_INT_TUBEINDEX>
      <Z_EXT_IDX_RQMTS>000000000000</Z_EXT_IDX_RQMTS>
      <Z1PSE_E1FSP502I SEGMENT="1">
        <ATNAM>ATTN_1385</ATNAM>
        <AUSP1>.307</AUSP1>
      </Z1PSE_E1FSP502I>
      <Z1PSE_E1FSP502I SEGMENT="1">
        <ATNAM>ATTN_1310</ATNAM>
        <AUSP1>.325</AUSP1>
      </Z1PSE_E1FSP502I>
      <Z1PSE_E1FSP502I SEGMENT="1">
        <ATNAM>ATTN_1550</ATNAM>
        <AUSP1>.188</AUSP1>
      </Z1PSE_E1FSP502I>
      <Z1PSE_E1FSP502I SEGMENT="1">
        <ATNAM>ATTN_1530</ATNAM>
        <AUSP1>.193</AUSP1>
      </Z1PSE_E1FSP502I>
      <Z1PSE_E1FSP502I SEGMENT="1">
        <ATNAM>ATTN_1625</ATNAM>
        <AUSP1>.197</AUSP1>
      </Z1PSE_E1FSP502I>
    </Z1PSE_E1FSP502H>
    <Z1PSE_E1FSP502H SEGMENT="1">
      <WERKS>RO10</WERKS>
      <AUFNR>000082954159</AUFNR>
      <Z_ELE_LENGHT>8438.000</Z_ELE_LENGHT>
      <POSNR>0001</POSNR>
      <ZCABLE>000000000060028592</ZCABLE>
      <ZCABLE_TEXT>LWL-B4YT2Y 8X12E9/125G652D T/R4KE-NT7134</ZCABLE_TEXT>
      <ZILFN>01</ZILFN>
      <ZIDX_RQMTS>000004126334</ZIDX_RQMTS>
      <Z_TUBE_ID>P00104559</Z_TUBE_ID>
      <Z_TUBE_DESC>LT250180012-SD1062-RDGEL</Z_TUBE_DESC>
      <Z_NTINDEX>0001</Z_NTINDEX>
      <Z_IND_LENGHT>4219.000</Z_IND_LENGHT>
      <Z_TUBE_STS>3</Z_TUBE_STS>
      <ZGRP_NUM>00000000440209</ZGRP_NUM>
      <ZTEMPL>SD1062</ZTEMPL>
      <ZFIBER>RMF01744</ZFIBER>
      <Z_FIBER_DESC>SMF-G652B/D SMF-RED</Z_FIBER_DESC>
      <ZIDX_FIB>101</ZIDX_FIB>
      <CHARG>LOT0000181</CHARG>
      <Z_IND_LENGHT2>50.000</Z_IND_LENGHT2>
      <ZMLOSS>34</ZMLOSS>
      <Z_INT_TUBEINDEX>0000</Z_INT_TUBEINDEX>
      <Z_EXT_IDX_RQMTS>000000000000</Z_EXT_IDX_RQMTS>
      <Z1PSE_E1FSP502I SEGMENT="1">
        <ATNAM>ATTN_1550</ATNAM>
        <AUSP1>0.281</AUSP1>
      </Z1PSE_E1FSP502I>
    </Z1PSE_E1FSP502H>
    <Z1PSE_E1FSP502H SEGMENT="1">
      <WERKS>RO10</WERKS>
      <AUFNR>000082954159</AUFNR>
      <Z_ELE_LENGHT>8438.000</Z_ELE_LENGHT>
      <POSNR>0001</POSNR>
      <ZCABLE>000000000060028592</ZCABLE>
      <ZCABLE_TEXT>LWL-B4YT2Y 8X12E9/125G652D T/R4KE-NT7134</ZCABLE_TEXT>
      <ZILFN>02</ZILFN>
      <ZIDX_RQMTS>000004126343</ZIDX_RQMTS>
      <Z_TUBE_ID>P00104559</Z_TUBE_ID>
      <Z_TUBE_DESC>LT250180012-SD1062-RDGEL</Z_TUBE_DESC>
      <Z_NTINDEX>0001</Z_NTINDEX>
      <Z_IND_LENGHT>4219.000</Z_IND_LENGHT>
      <Z_TUBE_STS>3</Z_TUBE_STS>
      <ZGRP_NUM>00000000440209</ZGRP_NUM>
      <ZTEMPL>SD1062</ZTEMPL>
      <ZFIBER>RMF01744</ZFIBER>
      <Z_FIBER_DESC>SMF-G652B/D SMF-RED</Z_FIBER_DESC>
      <ZIDX_FIB>101</ZIDX_FIB>
      <CHARG>LOT0000181</CHARG>
      <Z_IND_LENGHT2>50.000</Z_IND_LENGHT2>
      <ZMLOSS>34</ZMLOSS>
      <Z_INT_TUBEINDEX>0000</Z_INT_TUBEINDEX>
      <Z_EXT_IDX_RQMTS>000000000000</Z_EXT_IDX_RQMTS>
      <Z1PSE_E1FSP502I SEGMENT="1">
        <ATNAM>ATTN_1550</ATNAM>
        <AUSP1>0.281</AUSP1>
      </Z1PSE_E1FSP502I>
    </Z1PSE_E1FSP502H>
    <Z1PSE_E1FSP502H SEGMENT="1">
      <WERKS>RO10</WERKS>
      <AUFNR>000082954159</AUFNR>
      <Z_ELE_LENGHT>8438.000</Z_ELE_LENGHT>
      <POSNR>0001</POSNR>
      <ZCABLE>000000000060028592</ZCABLE>
      <ZCABLE_TEXT>LWL-B4YT2Y 8X12E9/125G652D T/R4KE-NT7134</ZCABLE_TEXT>
      <ZILFN>02</ZILFN>
      <ZIDX_RQMTS>000004126343</ZIDX_RQMTS>
      <Z_TUBE_ID>P00104559</Z_TUBE_ID>
      <Z_TUBE_DESC>LT250180012-SD1062-RDGEL</Z_TUBE_DESC>
      <Z_NTINDEX>0001</Z_NTINDEX>
      <Z_IND_LENGHT>4219.000</Z_IND_LENGHT>
      <Z_TUBE_STS>3</Z_TUBE_STS>
      <ZGRP_NUM>00000000440209</ZGRP_NUM>
      <ZTEMPL>SD1062</ZTEMPL>
      <ZFIBER>RMF01752</ZFIBER>
      <Z_FIBER_DESC>SMF-G652B/D SMF-GREEN</Z_FIBER_DESC>
      <ZIDX_FIB>102</ZIDX_FIB>
      <CHARG>FSC0000288</CHARG>
      <Z_IND_LENGHT2>24.262</Z_IND_LENGHT2>
      <ZMLOSS>34</ZMLOSS>
      <LICHA>272342521132</LICHA>
      <Z_INT_TUBEINDEX>0000</Z_INT_TUBEINDEX>
      <Z_EXT_IDX_RQMTS>000000000000</Z_EXT_IDX_RQMTS>
      <Z1PSE_E1FSP502I SEGMENT="1">
        <ATNAM>ATTN_1385</ATNAM>
        <AUSP1>.307</AUSP1>
      </Z1PSE_E1FSP502I>
      <Z1PSE_E1FSP502I SEGMENT="1">
        <ATNAM>ATTN_1310</ATNAM>
        <AUSP1>.325</AUSP1>
      </Z1PSE_E1FSP502I>
      <Z1PSE_E1FSP502I SEGMENT="1">
        <ATNAM>ATTN_1550</ATNAM>
        <AUSP1>.188</AUSP1>
      </Z1PSE_E1FSP502I>
      <Z1PSE_E1FSP502I SEGMENT="1">
        <ATNAM>ATTN_1530</ATNAM>
        <AUSP1>.193</AUSP1>
      </Z1PSE_E1FSP502I>
      <Z1PSE_E1FSP502I SEGMENT="1">
        <ATNAM>ATTN_1625</ATNAM>
        <AUSP1>.197</AUSP1>
      </Z1PSE_E1FSP502I>
    </Z1PSE_E1FSP502H>
    <Z1PSE_E1FSP502H SEGMENT="1">
      <WERKS>RO10</WERKS>
      <AUFNR>000082954159</AUFNR>
      <Z_ELE_LENGHT>8438.000</Z_ELE_LENGHT>
      <POSNR>0001</POSNR>
      <ZCABLE>000000000060028592</ZCABLE>
      <ZCABLE_TEXT>LWL-B4YT2Y 8X12E9/125G652D T/R4KE-NT7134</ZCABLE_TEXT>
      <ZILFN>02</ZILFN>
      <ZIDX_RQMTS>000004126343</ZIDX_RQMTS>
      <Z_TUBE_ID>P00104559</Z_TUBE_ID>
      <Z_TUBE_DESC>LT250180012-SD1062-RDGEL</Z_TUBE_DESC>
      <Z_NTINDEX>0001</Z_NTINDEX>
      <Z_IND_LENGHT>4219.000</Z_IND_LENGHT>
      <Z_TUBE_STS>3</Z_TUBE_STS>
      <ZGRP_NUM>00000000440209</ZGRP_NUM>
      <ZTEMPL>SD1062</ZTEMPL>
      <ZFIBER>RMF01776</ZFIBER>
      <Z_FIBER_DESC>SMF-G652B/D SMF-YELLOW</Z_FIBER_DESC>
      <ZIDX_FIB>103</ZIDX_FIB>
      <CHARG>FSC0018408</CHARG>
      <Z_IND_LENGHT2>11.067</Z_IND_LENGHT2>
      <ZMLOSS>34</ZMLOSS>
      <LICHA>301327921103</LICHA>
      <Z_INT_TUBEINDEX>0000</Z_INT_TUBEINDEX>
      <Z_EXT_IDX_RQMTS>000000000000</Z_EXT_IDX_RQMTS>
      <Z1PSE_E1FSP502I SEGMENT="1">
        <ATNAM>ATTN_1385</ATNAM>
        <AUSP1>.27</AUSP1>
      </Z1PSE_E1FSP502I>
      <Z1PSE_E1FSP502I SEGMENT="1">
        <ATNAM>ATTN_1310</ATNAM>
        <AUSP1>.325</AUSP1>
      </Z1PSE_E1FSP502I>
      <Z1PSE_E1FSP502I SEGMENT="1">
        <ATNAM>ATTN_1550</ATNAM>
        <AUSP1>.187</AUSP1>
      </Z1PSE_E1FSP502I>
      <Z1PSE_E1FSP502I SEGMENT="1">
        <ATNAM>ATTN_1530</ATNAM>
        <AUSP1>.191</AUSP1>
      </Z1PSE_E1FSP502I>
      <Z1PSE_E1FSP502I SEGMENT="1">
        <ATNAM>ATTN_1625</ATNAM>
        <AUSP1>.199</AUSP1>
      </Z1PSE_E1FSP502I>
    </Z1PSE_E1FSP502H>
    <Z1PSE_E1FSP502H SEGMENT="1">
      <WERKS>RO10</WERKS>
      <AUFNR>000082954159</AUFNR>
      <Z_ELE_LENGHT>8438.000</Z_ELE_LENGHT>
      <POSNR>0001</POSNR>
      <ZCABLE>000000000060028592</ZCABLE>
      <ZCABLE_TEXT>LWL-B4YT2Y 8X12E9/125G652D T/R4KE-NT7134</ZCABLE_TEXT>
      <ZILFN>02</ZILFN>
      <ZIDX_RQMTS>000004126343</ZIDX_RQMTS>
      <Z_TUBE_ID>P00104559</Z_TUBE_ID>
      <Z_TUBE_DESC>LT250180012-SD1062-RDGEL</Z_TUBE_DESC>
      <Z_NTINDEX>0001</Z_NTINDEX>
      <Z_IND_LENGHT>4219.000</Z_IND_LENGHT>
      <Z_TUBE_STS>3</Z_TUBE_STS>
      <ZGRP_NUM>00000000440209</ZGRP_NUM>
      <ZTEMPL>SD1062</ZTEMPL>
      <ZFIBER>RMF01736</ZFIBER>
      <Z_FIBER_DESC>SMF-G652B/D SMF-BLUE</Z_FIBER_DESC>
      <ZIDX_FIB>104</ZIDX_FIB>
      <CHARG>RO11401870</CHARG>
      <Z_IND_LENGHT2>11.700</Z_IND_LENGHT2>
      <ZMLOSS>34</ZMLOSS>
      <LICHA>303324134118</LICHA>
      <Z_INT_TUBEINDEX>0000</Z_INT_TUBEINDEX>
      <Z_EXT_IDX_RQMTS>000000000000</Z_EXT_IDX_RQMTS>
      <Z1PSE_E1FSP502I SEGMENT="1">
        <ATNAM>ATTN_1385</ATNAM>
        <AUSP1>.275</AUSP1>
      </Z1PSE_E1FSP502I>
      <Z1PSE_E1FSP502I SEGMENT="1">
        <ATNAM>ATTN_1310</ATNAM>
        <AUSP1>.327</AUSP1>
      </Z1PSE_E1FSP502I>
      <Z1PSE_E1FSP502I SEGMENT="1">
        <ATNAM>ATTN_1550</ATNAM>
        <AUSP1>.19</AUSP1>
      </Z1PSE_E1FSP502I>
      <Z1PSE_E1FSP502I SEGMENT="1">
        <ATNAM>ATTN_1530</ATNAM>
        <AUSP1>.195</AUSP1>
      </Z1PSE_E1FSP502I>
      <Z1PSE_E1FSP502I SEGMENT="1">
        <ATNAM>ATTN_1625</ATNAM>
        <AUSP1>.204</AUSP1>
      </Z1PSE_E1FSP502I>
    </Z1PSE_E1FSP502H>
    <Z1PSE_E1FSP502H SEGMENT="1">
      <WERKS>RO10</WERKS>
      <AUFNR>000082954159</AUFNR>
      <Z_ELE_LENGHT>8438.000</Z_ELE_LENGHT>
      <POSNR>0001</POSNR>
      <ZCABLE>000000000060028592</ZCABLE>
      <ZCABLE_TEXT>LWL-B4YT2Y 8X12E9/125G652D T/R4KE-NT7134</ZCABLE_TEXT>
      <ZILFN>02</ZILFN>
      <ZIDX_RQMTS>000004126343</ZIDX_RQMTS>
      <Z_TUBE_ID>P00104559</Z_TUBE_ID>
      <Z_TUBE_DESC>LT250180012-SD1062-RDGEL</Z_TUBE_DESC>
      <Z_NTINDEX>0001</Z_NTINDEX>
      <Z_IND_LENGHT>4219.000</Z_IND_LENGHT>
      <Z_TUBE_STS>3</Z_TUBE_STS>
      <ZGRP_NUM>00000000440209</ZGRP_NUM>
      <ZTEMPL>SD1062</ZTEMPL>
      <ZFIBER>RMF01721</ZFIBER>
      <Z_FIBER_DESC>SMF-G652B/D SMF-NATURAL</Z_FIBER_DESC>
      <ZIDX_FIB>105</ZIDX_FIB>
      <CHARG>DSB1045944</CHARG>
      <Z_IND_LENGHT2>8.720</Z_IND_LENGHT2>
      <ZMLOSS>34</ZMLOSS>
      <LICHA>DSB1045944</LICHA>
      <Z_INT_TUBEINDEX>0000</Z_INT_TUBEINDEX>
      <Z_EXT_IDX_RQMTS>000000000000</Z_EXT_IDX_RQMTS>
      <Z1PSE_E1FSP502I SEGMENT="1">
        <ATNAM>ATTN_1385</ATNAM>
        <AUSP1>0.267</AUSP1>
      </Z1PSE_E1FSP502I>
      <Z1PSE_E1FSP502I SEGMENT="1">
        <ATNAM>ATTN_1310</ATNAM>
        <AUSP1>0.324</AUSP1>
      </Z1PSE_E1FSP502I>
      <Z1PSE_E1FSP502I SEGMENT="1">
        <ATNAM>ATTN_1550</ATNAM>
        <AUSP1>0.194</AUSP1>
      </Z1PSE_E1FSP502I>
      <Z1PSE_E1FSP502I SEGMENT="1">
        <ATNAM>ATTN_1530</ATNAM>
        <AUSP1>0.197</AUSP1>
      </Z1PSE_E1FSP502I>
      <Z1PSE_E1FSP502I SEGMENT="1">
        <ATNAM>ATTN_1625</ATNAM>
        <AUSP1>0.203</AUSP1>
      </Z1PSE_E1FSP502I>
    </Z1PSE_E1FSP502H>
    <Z1PSE_E1FSP502H SEGMENT="1">
      <WERKS>RO10</WERKS>
      <AUFNR>000082954159</AUFNR>
      <Z_ELE_LENGHT>8438.000</Z_ELE_LENGHT>
      <POSNR>0001</POSNR>
      <ZCABLE>000000000060028592</ZCABLE>
      <ZCABLE_TEXT>LWL-B4YT2Y 8X12E9/125G652D T/R4KE-NT7134</ZCABLE_TEXT>
      <ZILFN>02</ZILFN>
      <ZIDX_RQMTS>000004126343</ZIDX_RQMTS>
      <Z_TUBE_ID>P00104559</Z_TUBE_ID>
      <Z_TUBE_DESC>LT250180012-SD1062-RDGEL</Z_TUBE_DESC>
      <Z_NTINDEX>0001</Z_NTINDEX>
      <Z_IND_LENGHT>4219.000</Z_IND_LENGHT>
      <Z_TUBE_STS>3</Z_TUBE_STS>
      <ZGRP_NUM>00000000440209</ZGRP_NUM>
      <ZTEMPL>SD1062</ZTEMPL>
      <ZFIBER>RMF01768</ZFIBER>
      <Z_FIBER_DESC>SMF-G652B/D SMF-VIOLET</Z_FIBER_DESC>
      <ZIDX_FIB>106</ZIDX_FIB>
      <CHARG>FSB0293318</CHARG>
      <Z_IND_LENGHT2>9.108</Z_IND_LENGHT2>
      <ZMLOSS>34</ZMLOSS>
      <LICHA>143553534130</LICHA>
      <Z_INT_TUBEINDEX>0000</Z_INT_TUBEINDEX>
      <Z_EXT_IDX_RQMTS>000000000000</Z_EXT_IDX_RQMTS>
      <Z1PSE_E1FSP502I SEGMENT="1">
        <ATNAM>ATTN_1385</ATNAM>
        <AUSP1>.272</AUSP1>
      </Z1PSE_E1FSP502I>
      <Z1PSE_E1FSP502I SEGMENT="1">
        <ATNAM>ATTN_1310</ATNAM>
        <AUSP1>.321</AUSP1>
      </Z1PSE_E1FSP502I>
      <Z1PSE_E1FSP502I SEGMENT="1">
        <ATNAM>ATTN_1550</ATNAM>
        <AUSP1>.186</AUSP1>
      </Z1PSE_E1FSP502I>
      <Z1PSE_E1FSP502I SEGMENT="1">
        <ATNAM>ATTN_1530</ATNAM>
        <AUSP1>.19</AUSP1>
      </Z1PSE_E1FSP502I>
      <Z1PSE_E1FSP502I SEGMENT="1">
        <ATNAM>ATTN_1625</ATNAM>
        <AUSP1>.202</AUSP1>
      </Z1PSE_E1FSP502I>
    </Z1PSE_E1FSP502H>
    <Z1PSE_E1FSP502H SEGMENT="1">
      <WERKS>RO10</WERKS>
      <AUFNR>000082954159</AUFNR>
      <Z_ELE_LENGHT>8438.000</Z_ELE_LENGHT>
      <POSNR>0001</POSNR>
      <ZCABLE>000000000060028592</ZCABLE>
      <ZCABLE_TEXT>LWL-B4YT2Y 8X12E9/125G652D T/R4KE-NT7134</ZCABLE_TEXT>
      <ZILFN>02</ZILFN>
      <ZIDX_RQMTS>000004126343</ZIDX_RQMTS>
      <Z_TUBE_ID>P00104559</Z_TUBE_ID>
      <Z_TUBE_DESC>LT250180012-SD1062-RDGEL</Z_TUBE_DESC>
      <Z_NTINDEX>0001</Z_NTINDEX>
      <Z_IND_LENGHT>4219.000</Z_IND_LENGHT>
      <Z_TUBE_STS>3</Z_TUBE_STS>
      <ZGRP_NUM>00000000440209</ZGRP_NUM>
      <ZTEMPL>SD1062</ZTEMPL>
      <ZFIBER>RMF01808</ZFIBER>
      <Z_FIBER_DESC>SMF-G652B/D SMF-ORANGE</Z_FIBER_DESC>
      <ZIDX_FIB>107</ZIDX_FIB>
      <CHARG>FSC0015676</CHARG>
      <Z_IND_LENGHT2>10.200</Z_IND_LENGHT2>
      <ZMLOSS>34</ZMLOSS>
      <LICHA>273343321133</LICHA>
      <Z_INT_TUBEINDEX>0000</Z_INT_TUBEINDEX>
      <Z_EXT_IDX_RQMTS>000000000000</Z_EXT_IDX_RQMTS>
      <Z1PSE_E1FSP502I SEGMENT="1">
        <ATNAM>ATTN_1385</ATNAM>
        <AUSP1>.271</AUSP1>
      </Z1PSE_E1FSP502I>
      <Z1PSE_E1FSP502I SEGMENT="1">
        <ATNAM>ATTN_1310</ATNAM>
        <AUSP1>.328</AUSP1>
      </Z1PSE_E1FSP502I>
      <Z1PSE_E1FSP502I SEGMENT="1">
        <ATNAM>ATTN_1550</ATNAM>
        <AUSP1>.188</AUSP1>
      </Z1PSE_E1FSP502I>
      <Z1PSE_E1FSP502I SEGMENT="1">
        <ATNAM>ATTN_1530</ATNAM>
        <AUSP1>.193</AUSP1>
      </Z1PSE_E1FSP502I>
      <Z1PSE_E1FSP502I SEGMENT="1">
        <ATNAM>ATTN_1625</ATNAM>
        <AUSP1>.2</AUSP1>
      </Z1PSE_E1FSP502I>
    </Z1PSE_E1FSP502H>
    <Z1PSE_E1FSP502H SEGMENT="1">
      <WERKS>RO10</WERKS>
      <AUFNR>000082954159</AUFNR>
      <Z_ELE_LENGHT>8438.000</Z_ELE_LENGHT>
      <POSNR>0001</POSNR>
      <ZCABLE>000000000060028592</ZCABLE>
      <ZCABLE_TEXT>LWL-B4YT2Y 8X12E9/125G652D T/R4KE-NT7134</ZCABLE_TEXT>
      <ZILFN>02</ZILFN>
      <ZIDX_RQMTS>000004126343</ZIDX_RQMTS>
      <Z_TUBE_ID>P00104559</Z_TUBE_ID>
      <Z_TUBE_DESC>LT250180012-SD1062-RDGEL</Z_TUBE_DESC>
      <Z_NTINDEX>0001</Z_NTINDEX>
      <Z_IND_LENGHT>4219.000</Z_IND_LENGHT>
      <Z_TUBE_STS>3</Z_TUBE_STS>
      <ZGRP_NUM>00000000440209</ZGRP_NUM>
      <ZTEMPL>SD1062</ZTEMPL>
      <ZFIBER>RMF01728</ZFIBER>
      <Z_FIBER_DESC>SMF-G652B/D SMF-BLACK</Z_FIBER_DESC>
      <ZIDX_FIB>108</ZIDX_FIB>
      <CHARG>RO11402143</CHARG>
      <Z_IND_LENGHT2>10.700</Z_IND_LENGHT2>
      <ZMLOSS>34</ZMLOSS>
      <LICHA>312406934121</LICHA>
      <Z_INT_TUBEINDEX>0000</Z_INT_TUBEINDEX>
      <Z_EXT_IDX_RQMTS>000000000000</Z_EXT_IDX_RQMTS>
      <Z1PSE_E1FSP502I SEGMENT="1">
        <ATNAM>ATTN_1385</ATNAM>
        <AUSP1>.306</AUSP1>
      </Z1PSE_E1FSP502I>
      <Z1PSE_E1FSP502I SEGMENT="1">
        <ATNAM>ATTN_1310</ATNAM>
        <AUSP1>.327</AUSP1>
      </Z1PSE_E1FSP502I>
      <Z1PSE_E1FSP502I SEGMENT="1">
        <ATNAM>ATTN_1550</ATNAM>
        <AUSP1>.189</AUSP1>
      </Z1PSE_E1FSP502I>
      <Z1PSE_E1FSP502I SEGMENT="1">
        <ATNAM>ATTN_1530</ATNAM>
        <AUSP1>.194</AUSP1>
      </Z1PSE_E1FSP502I>
      <Z1PSE_E1FSP502I SEGMENT="1">
        <ATNAM>ATTN_1625</ATNAM>
        <AUSP1>.199</AUSP1>
      </Z1PSE_E1FSP502I>
    </Z1PSE_E1FSP502H>
    <Z1PSE_E1FSP502H SEGMENT="1">
      <WERKS>RO10</WERKS>
      <AUFNR>000082954159</AUFNR>
      <Z_ELE_LENGHT>8438.000</Z_ELE_LENGHT>
      <POSNR>0001</POSNR>
      <ZCABLE>000000000060028592</ZCABLE>
      <ZCABLE_TEXT>LWL-B4YT2Y 8X12E9/125G652D T/R4KE-NT7134</ZCABLE_TEXT>
      <ZILFN>02</ZILFN>
      <ZIDX_RQMTS>000004126343</ZIDX_RQMTS>
      <Z_TUBE_ID>P00104559</Z_TUBE_ID>
      <Z_TUBE_DESC>LT250180012-SD1062-RDGEL</Z_TUBE_DESC>
      <Z_NTINDEX>0001</Z_NTINDEX>
      <Z_IND_LENGHT>4219.000</Z_IND_LENGHT>
      <Z_TUBE_STS>3</Z_TUBE_STS>
      <ZGRP_NUM>00000000440209</ZGRP_NUM>
      <ZTEMPL>SD1062</ZTEMPL>
      <ZFIBER>RMF01792</ZFIBER>
      <Z_FIBER_DESC>SMF-G652B/D SMF-GREY</Z_FIBER_DESC>
      <ZIDX_FIB>109</ZIDX_FIB>
      <CHARG>FSB0300022</CHARG>
      <Z_IND_LENGHT2>20.527</Z_IND_LENGHT2>
      <ZMLOSS>34</ZMLOSS>
      <LICHA>222340721121</LICHA>
      <Z_INT_TUBEINDEX>0000</Z_INT_TUBEINDEX>
      <Z_EXT_IDX_RQMTS>000000000000</Z_EXT_IDX_RQMTS>
      <Z1PSE_E1FSP502I SEGMENT="1">
        <ATNAM>ATTN_1385</ATNAM>
        <AUSP1>.286</AUSP1>
      </Z1PSE_E1FSP502I>
      <Z1PSE_E1FSP502I SEGMENT="1">
        <ATNAM>ATTN_1310</ATNAM>
        <AUSP1>.327</AUSP1>
      </Z1PSE_E1FSP502I>
      <Z1PSE_E1FSP502I SEGMENT="1">
        <ATNAM>ATTN_1550</ATNAM>
        <AUSP1>.189</AUSP1>
      </Z1PSE_E1FSP502I>
      <Z1PSE_E1FSP502I SEGMENT="1">
        <ATNAM>ATTN_1530</ATNAM>
        <AUSP1>.194</AUSP1>
      </Z1PSE_E1FSP502I>
      <Z1PSE_E1FSP502I SEGMENT="1">
        <ATNAM>ATTN_1625</ATNAM>
        <AUSP1>.202</AUSP1>
      </Z1PSE_E1FSP502I>
    </Z1PSE_E1FSP502H>
    <Z1PSE_E1FSP502H SEGMENT="1">
      <WERKS>RO10</WERKS>
      <AUFNR>000082954159</AUFNR>
      <Z_ELE_LENGHT>8438.000</Z_ELE_LENGHT>
      <POSNR>0001</POSNR>
      <ZCABLE>000000000060028592</ZCABLE>
      <ZCABLE_TEXT>LWL-B4YT2Y 8X12E9/125G652D T/R4KE-NT7134</ZCABLE_TEXT>
      <ZILFN>02</ZILFN>
      <ZIDX_RQMTS>000004126343</ZIDX_RQMTS>
      <Z_TUBE_ID>P00104559</Z_TUBE_ID>
      <Z_TUBE_DESC>LT250180012-SD1062-RDGEL</Z_TUBE_DESC>
      <Z_NTINDEX>0001</Z_NTINDEX>
      <Z_IND_LENGHT>4219.000</Z_IND_LENGHT>
      <Z_TUBE_STS>3</Z_TUBE_STS>
      <ZGRP_NUM>00000000440209</ZGRP_NUM>
      <ZTEMPL>SD1062</ZTEMPL>
      <ZFIBER>RMF01784</ZFIBER>
      <Z_FIBER_DESC>SMF-G652B/D SMF-BROWN</Z_FIBER_DESC>
      <ZIDX_FIB>110</ZIDX_FIB>
      <CHARG>FSB0299966</CHARG>
      <Z_IND_LENGHT2>18.322</Z_IND_LENGHT2>
      <ZMLOSS>34</ZMLOSS>
      <LICHA>261348734117</LICHA>
      <Z_INT_TUBEINDEX>0000</Z_INT_TUBEINDEX>
      <Z_EXT_IDX_RQMTS>000000000000</Z_EXT_IDX_RQMTS>
      <Z1PSE_E1FSP502I SEGMENT="1">
        <ATNAM>ATTN_1385</ATNAM>
        <AUSP1>.271</AUSP1>
      </Z1PSE_E1FSP502I>
      <Z1PSE_E1FSP502I SEGMENT="1">
        <ATNAM>ATTN_1310</ATNAM>
        <AUSP1>.322</AUSP1>
      </Z1PSE_E1FSP502I>
      <Z1PSE_E1FSP502I SEGMENT="1">
        <ATNAM>ATTN_1550</ATNAM>
        <AUSP1>.187</AUSP1>
      </Z1PSE_E1FSP502I>
      <Z1PSE_E1FSP502I SEGMENT="1">
        <ATNAM>ATTN_1530</ATNAM>
        <AUSP1>.191</AUSP1>
      </Z1PSE_E1FSP502I>
      <Z1PSE_E1FSP502I SEGMENT="1">
        <ATNAM>ATTN_1625</ATNAM>
        <AUSP1>.202</AUSP1>
      </Z1PSE_E1FSP502I>
    </Z1PSE_E1FSP502H>
    <Z1PSE_E1FSP502H SEGMENT="1">
      <WERKS>RO10</WERKS>
      <AUFNR>000082954159</AUFNR>
      <Z_ELE_LENGHT>8438.000</Z_ELE_LENGHT>
      <POSNR>0001</POSNR>
      <ZCABLE>000000000060028592</ZCABLE>
      <ZCABLE_TEXT>LWL-B4YT2Y 8X12E9/125G652D T/R4KE-NT7134</ZCABLE_TEXT>
      <ZILFN>02</ZILFN>
      <ZIDX_RQMTS>000004126343</ZIDX_RQMTS>
      <Z_TUBE_ID>P00104559</Z_TUBE_ID>
      <Z_TUBE_DESC>LT250180012-SD1062-RDGEL</Z_TUBE_DESC>
      <Z_NTINDEX>0001</Z_NTINDEX>
      <Z_IND_LENGHT>4219.000</Z_IND_LENGHT>
      <Z_TUBE_STS>3</Z_TUBE_STS>
      <ZGRP_NUM>00000000440209</ZGRP_NUM>
      <ZTEMPL>SD1062</ZTEMPL>
      <ZFIBER>RMF01816</ZFIBER>
      <Z_FIBER_DESC>SMF-G652B/D SMF-TURQUOIS</Z_FIBER_DESC>
      <ZIDX_FIB>111</ZIDX_FIB>
      <CHARG>RO11286482</CHARG>
      <Z_IND_LENGHT2>12.100</Z_IND_LENGHT2>
      <ZMLOSS>34</ZMLOSS>
      <LICHA>162561534106</LICHA>
      <Z_INT_TUBEINDEX>0000</Z_INT_TUBEINDEX>
      <Z_EXT_IDX_RQMTS>000000000000</Z_EXT_IDX_RQMTS>
      <Z1PSE_E1FSP502I SEGMENT="1">
        <ATNAM>ATTN_1385</ATNAM>
        <AUSP1>.272</AUSP1>
      </Z1PSE_E1FSP502I>
      <Z1PSE_E1FSP502I SEGMENT="1">
        <ATNAM>ATTN_1310</ATNAM>
        <AUSP1>.326</AUSP1>
      </Z1PSE_E1FSP502I>
      <Z1PSE_E1FSP502I SEGMENT="1">
        <ATNAM>ATTN_1550</ATNAM>
        <AUSP1>.189</AUSP1>
      </Z1PSE_E1FSP502I>
      <Z1PSE_E1FSP502I SEGMENT="1">
        <ATNAM>ATTN_1530</ATNAM>
        <AUSP1>.193</AUSP1>
      </Z1PSE_E1FSP502I>
      <Z1PSE_E1FSP502I SEGMENT="1">
        <ATNAM>ATTN_1625</ATNAM>
        <AUSP1>.202</AUSP1>
      </Z1PSE_E1FSP502I>
    </Z1PSE_E1FSP502H>
    <Z1PSE_E1FSP502H SEGMENT="1">
      <WERKS>RO10</WERKS>
      <AUFNR>000082954159</AUFNR>
      <Z_ELE_LENGHT>8438.000</Z_ELE_LENGHT>
      <POSNR>0001</POSNR>
      <ZCABLE>000000000060028592</ZCABLE>
      <ZCABLE_TEXT>LWL-B4YT2Y 8X12E9/125G652D T/R4KE-NT7134</ZCABLE_TEXT>
      <ZILFN>02</ZILFN>
      <ZIDX_RQMTS>000004126343</ZIDX_RQMTS>
      <Z_TUBE_ID>P00104559</Z_TUBE_ID>
      <Z_TUBE_DESC>LT250180012-SD1062-RDGEL</Z_TUBE_DESC>
      <Z_NTINDEX>0001</Z_NTINDEX>
      <Z_IND_LENGHT>4219.000</Z_IND_LENGHT>
      <Z_TUBE_STS>3</Z_TUBE_STS>
      <ZGRP_NUM>00000000440209</ZGRP_NUM>
      <ZTEMPL>SD1062</ZTEMPL>
      <ZFIBER>RMF01760</ZFIBER>
      <Z_FIBER_DESC>SMF-G652B/D SMF-WHITE</Z_FIBER_DESC>
      <ZIDX_FIB>112</ZIDX_FIB>
      <CHARG>FSB0294256</CHARG>
      <Z_IND_LENGHT2>10.100</Z_IND_LENGHT2>
      <ZMLOSS>34</ZMLOSS>
      <LICHA>291318221110</LICHA>
      <Z_INT_TUBEINDEX>0000</Z_INT_TUBEINDEX>
      <Z_EXT_IDX_RQMTS>000000000000</Z_EXT_IDX_RQMTS>
      <Z1PSE_E1FSP502I SEGMENT="1">
        <ATNAM>ATTN_1385</ATNAM>
        <AUSP1>.27</AUSP1>
      </Z1PSE_E1FSP502I>
      <Z1PSE_E1FSP502I SEGMENT="1">
        <ATNAM>ATTN_1310</ATNAM>
        <AUSP1>.323</AUSP1>
      </Z1PSE_E1FSP502I>
      <Z1PSE_E1FSP502I SEGMENT="1">
        <ATNAM>ATTN_1550</ATNAM>
        <AUSP1>.189</AUSP1>
      </Z1PSE_E1FSP502I>
      <Z1PSE_E1FSP502I SEGMENT="1">
        <ATNAM>ATTN_1530</ATNAM>
        <AUSP1>.193</AUSP1>
      </Z1PSE_E1FSP502I>
      <Z1PSE_E1FSP502I SEGMENT="1">
        <ATNAM>ATTN_1625</ATNAM>
        <AUSP1>.204</AUSP1>
      </Z1PSE_E1FSP502I>
    </Z1PSE_E1FSP502H>
  </IDOC>
</ZPSE_FIBTUBE>