﻿<ZPSE_FIBTUBE>
  <IDOC BEGIN="1">
    <EDI_DC40 SEGMENT="1">
      <TABNAM>EDI_DC40</TABNAM>
      <MANDT>010</MANDT>
      <DOCNUM>0000000195939233</DOCNUM>
      <DOCREL>740</DOCREL>
      <STATUS>30</STATUS>
      <DIRECT>1</DIRECT>
      <OUTMOD>2</OUTMOD>
      <IDOCTYP>ZPSE_FIBTUBE</IDOCTYP>
      <MESTYP>ZPSE_FIBERSEL</MESTYP>
      <SNDPOR>SAPSEP</SNDPOR>
      <SNDPRT>LS</SNDPRT>
      <SNDPRN>SEPCLNT010</SNDPRN>
      <RCVPOR>YXMLRO10</RCVPOR>
      <RCVPRT>LS</RCVPRT>
      <RCVPRN>YFTPFTRO10</RCVPRN>
      <CREDAT>20190917</CREDAT>
      <CRETIM>132845</CRETIM>
      <SERIAL>20190917132845</SERIAL>
    </EDI_DC40>
    <Z1PSE_E1FSP502H SEGMENT="1">
      <WERKS>RO10</WERKS>
      <AUFNR>000082954159</AUFNR>
      <Z_ELE_LENGHT>8438.000</Z_ELE_LENGHT>
      <POSNR>0001</POSNR>
      <ZCABLE>000000000060028592</ZCABLE>
      <ZCABLE_TEXT>LWL-B4YT2Y 8X12E9/125G652D T/R4KE-NT7134</ZCABLE_TEXT>
      <ZILFN>01</ZILFN>
      <ZIDX_RQMTS>000004126338</ZIDX_RQMTS>
      <Z_TUBE_ID>P00208384</Z_TUBE_ID>
      <Z_TUBE_DESC>LT250180012-SD1062-NAGEL</Z_TUBE_DESC>
      <Z_NTINDEX>0005</Z_NTINDEX>
      <Z_IND_LENGHT>4219.000</Z_IND_LENGHT>
      <Z_TUBE_STS>3</Z_TUBE_STS>
      <ZGRP_NUM>00000000440207</ZGRP_NUM>
      <ZTEMPL>SD1062</ZTEMPL>
      <ZFIBER>RMF01760</ZFIBER>
      <Z_FIBER_DESC>SMF-G652B/D SMF-WHITE</Z_FIBER_DESC>
      <ZIDX_FIB>112</ZIDX_FIB>
      <CHARG>CSB1472951</CHARG>
      <Z_IND_LENGHT2>9.950</Z_IND_LENGHT2>
      <ZMLOSS>34</ZMLOSS>
      <LICHA>CSB1472951</LICHA>
      <Z_INT_TUBEINDEX>0000</Z_INT_TUBEINDEX>
      <Z_EXT_IDX_RQMTS>000000000000</Z_EXT_IDX_RQMTS>
      <Z1PSE_E1FSP502I SEGMENT="1">
        <ATNAM>ATTN_1625</ATNAM>
        <AUSP1>.213</AUSP1>
      </Z1PSE_E1FSP502I>
      <Z1PSE_E1FSP502I SEGMENT="1">
        <ATNAM>ATTN_1550</ATNAM>
        <AUSP1>.197</AUSP1>
      </Z1PSE_E1FSP502I>
      <Z1PSE_E1FSP502I SEGMENT="1">
        <ATNAM>ATTN_1310</ATNAM>
        <AUSP1>.33</AUSP1>
      </Z1PSE_E1FSP502I>
      <Z1PSE_E1FSP502I SEGMENT="1">
        <ATNAM>ATTN_1385</ATNAM>
        <AUSP1>.279</AUSP1>
      </Z1PSE_E1FSP502I>
    </Z1PSE_E1FSP502H>
    <Z1PSE_E1FSP502H SEGMENT="1">
      <WERKS>RO10</WERKS>
      <AUFNR>000082954159</AUFNR>
      <Z_ELE_LENGHT>8438.000</Z_ELE_LENGHT>
      <POSNR>0001</POSNR>
      <ZCABLE>000000000060028592</ZCABLE>
      <ZCABLE_TEXT>LWL-B4YT2Y 8X12E9/125G652D T/R4KE-NT7134</ZCABLE_TEXT>
      <ZILFN>01</ZILFN>
      <ZIDX_RQMTS>000004126338</ZIDX_RQMTS>
      <Z_TUBE_ID>P00208384</Z_TUBE_ID>
      <Z_TUBE_DESC>LT250180012-SD1062-NAGEL</Z_TUBE_DESC>
      <Z_NTINDEX>0005</Z_NTINDEX>
      <Z_IND_LENGHT>4219.000</Z_IND_LENGHT>
      <Z_TUBE_STS>3</Z_TUBE_STS>
      <ZGRP_NUM>00000000440207</ZGRP_NUM>
      <ZTEMPL>SD1062</ZTEMPL>
      <ZFIBER>RMF01816</ZFIBER>
      <Z_FIBER_DESC>SMF-G652B/D SMF-TURQUOIS</Z_FIBER_DESC>
      <ZIDX_FIB>111</ZIDX_FIB>
      <CHARG>FSC0006033</CHARG>
      <Z_IND_LENGHT2>11.937</Z_IND_LENGHT2>
      <ZMLOSS>34</ZMLOSS>
      <LICHA>163565821128</LICHA>
      <Z_INT_TUBEINDEX>0000</Z_INT_TUBEINDEX>
      <Z_EXT_IDX_RQMTS>000000000000</Z_EXT_IDX_RQMTS>
      <Z1PSE_E1FSP502I SEGMENT="1">
        <ATNAM>ATTN_1385</ATNAM>
        <AUSP1>.28</AUSP1>
      </Z1PSE_E1FSP502I>
      <Z1PSE_E1FSP502I SEGMENT="1">
        <ATNAM>ATTN_1310</ATNAM>
        <AUSP1>.325</AUSP1>
      </Z1PSE_E1FSP502I>
      <Z1PSE_E1FSP502I SEGMENT="1">
        <ATNAM>ATTN_1550</ATNAM>
        <AUSP1>.196</AUSP1>
      </Z1PSE_E1FSP502I>
      <Z1PSE_E1FSP502I SEGMENT="1">
        <ATNAM>ATTN_1530</ATNAM>
        <AUSP1>.198</AUSP1>
      </Z1PSE_E1FSP502I>
      <Z1PSE_E1FSP502I SEGMENT="1">
        <ATNAM>ATTN_1625</ATNAM>
        <AUSP1>.209</AUSP1>
      </Z1PSE_E1FSP502I>
    </Z1PSE_E1FSP502H>
    <Z1PSE_E1FSP502H SEGMENT="1">
      <WERKS>RO10</WERKS>
      <AUFNR>000082954159</AUFNR>
      <Z_ELE_LENGHT>8438.000</Z_ELE_LENGHT>
      <POSNR>0001</POSNR>
      <ZCABLE>000000000060028592</ZCABLE>
      <ZCABLE_TEXT>LWL-B4YT2Y 8X12E9/125G652D T/R4KE-NT7134</ZCABLE_TEXT>
      <ZILFN>01</ZILFN>
      <ZIDX_RQMTS>000004126338</ZIDX_RQMTS>
      <Z_TUBE_ID>P00208384</Z_TUBE_ID>
      <Z_TUBE_DESC>LT250180012-SD1062-NAGEL</Z_TUBE_DESC>
      <Z_NTINDEX>0005</Z_NTINDEX>
      <Z_IND_LENGHT>4219.000</Z_IND_LENGHT>
      <Z_TUBE_STS>3</Z_TUBE_STS>
      <ZGRP_NUM>00000000440207</ZGRP_NUM>
      <ZTEMPL>SD1062</ZTEMPL>
      <ZFIBER>RMF01784</ZFIBER>
      <Z_FIBER_DESC>SMF-G652B/D SMF-BROWN</Z_FIBER_DESC>
      <ZIDX_FIB>110</ZIDX_FIB>
      <CHARG>FSB0299969</CHARG>
      <Z_IND_LENGHT2>18.288</Z_IND_LENGHT2>
      <ZMLOSS>34</ZMLOSS>
      <LICHA>261348734108</LICHA>
      <Z_INT_TUBEINDEX>0000</Z_INT_TUBEINDEX>
      <Z_EXT_IDX_RQMTS>000000000000</Z_EXT_IDX_RQMTS>
      <Z1PSE_E1FSP502I SEGMENT="1">
        <ATNAM>ATTN_1385</ATNAM>
        <AUSP1>.272</AUSP1>
      </Z1PSE_E1FSP502I>
      <Z1PSE_E1FSP502I SEGMENT="1">
        <ATNAM>ATTN_1310</ATNAM>
        <AUSP1>.324</AUSP1>
      </Z1PSE_E1FSP502I>
      <Z1PSE_E1FSP502I SEGMENT="1">
        <ATNAM>ATTN_1550</ATNAM>
        <AUSP1>.188</AUSP1>
      </Z1PSE_E1FSP502I>
      <Z1PSE_E1FSP502I SEGMENT="1">
        <ATNAM>ATTN_1530</ATNAM>
        <AUSP1>.192</AUSP1>
      </Z1PSE_E1FSP502I>
      <Z1PSE_E1FSP502I SEGMENT="1">
        <ATNAM>ATTN_1625</ATNAM>
        <AUSP1>.203</AUSP1>
      </Z1PSE_E1FSP502I>
    </Z1PSE_E1FSP502H>
    <Z1PSE_E1FSP502H SEGMENT="1">
      <WERKS>RO10</WERKS>
      <AUFNR>000082954159</AUFNR>
      <Z_ELE_LENGHT>8438.000</Z_ELE_LENGHT>
      <POSNR>0001</POSNR>
      <ZCABLE>000000000060028592</ZCABLE>
      <ZCABLE_TEXT>LWL-B4YT2Y 8X12E9/125G652D T/R4KE-NT7134</ZCABLE_TEXT>
      <ZILFN>01</ZILFN>
      <ZIDX_RQMTS>000004126338</ZIDX_RQMTS>
      <Z_TUBE_ID>P00208384</Z_TUBE_ID>
      <Z_TUBE_DESC>LT250180012-SD1062-NAGEL</Z_TUBE_DESC>
      <Z_NTINDEX>0005</Z_NTINDEX>
      <Z_IND_LENGHT>4219.000</Z_IND_LENGHT>
      <Z_TUBE_STS>3</Z_TUBE_STS>
      <ZGRP_NUM>00000000440207</ZGRP_NUM>
      <ZTEMPL>SD1062</ZTEMPL>
      <ZFIBER>RMF01792</ZFIBER>
      <Z_FIBER_DESC>SMF-G652B/D SMF-GREY</Z_FIBER_DESC>
      <ZIDX_FIB>109</ZIDX_FIB>
      <CHARG>FSB0294595</CHARG>
      <Z_IND_LENGHT2>20.407</Z_IND_LENGHT2>
      <ZMLOSS>34</ZMLOSS>
      <LICHA>301325534105</LICHA>
      <Z_INT_TUBEINDEX>0000</Z_INT_TUBEINDEX>
      <Z_EXT_IDX_RQMTS>000000000000</Z_EXT_IDX_RQMTS>
      <Z1PSE_E1FSP502I SEGMENT="1">
        <ATNAM>ATTN_1385</ATNAM>
        <AUSP1>.272</AUSP1>
      </Z1PSE_E1FSP502I>
      <Z1PSE_E1FSP502I SEGMENT="1">
        <ATNAM>ATTN_1310</ATNAM>
        <AUSP1>.326</AUSP1>
      </Z1PSE_E1FSP502I>
      <Z1PSE_E1FSP502I SEGMENT="1">
        <ATNAM>ATTN_1550</ATNAM>
        <AUSP1>.186</AUSP1>
      </Z1PSE_E1FSP502I>
      <Z1PSE_E1FSP502I SEGMENT="1">
        <ATNAM>ATTN_1530</ATNAM>
        <AUSP1>.191</AUSP1>
      </Z1PSE_E1FSP502I>
      <Z1PSE_E1FSP502I SEGMENT="1">
        <ATNAM>ATTN_1625</ATNAM>
        <AUSP1>.2</AUSP1>
      </Z1PSE_E1FSP502I>
    </Z1PSE_E1FSP502H>
    <Z1PSE_E1FSP502H SEGMENT="1">
      <WERKS>RO10</WERKS>
      <AUFNR>000082954159</AUFNR>
      <Z_ELE_LENGHT>8438.000</Z_ELE_LENGHT>
      <POSNR>0001</POSNR>
      <ZCABLE>000000000060028592</ZCABLE>
      <ZCABLE_TEXT>LWL-B4YT2Y 8X12E9/125G652D T/R4KE-NT7134</ZCABLE_TEXT>
      <ZILFN>01</ZILFN>
      <ZIDX_RQMTS>000004126338</ZIDX_RQMTS>
      <Z_TUBE_ID>P00208384</Z_TUBE_ID>
      <Z_TUBE_DESC>LT250180012-SD1062-NAGEL</Z_TUBE_DESC>
      <Z_NTINDEX>0005</Z_NTINDEX>
      <Z_IND_LENGHT>4219.000</Z_IND_LENGHT>
      <Z_TUBE_STS>3</Z_TUBE_STS>
      <ZGRP_NUM>00000000440207</ZGRP_NUM>
      <ZTEMPL>SD1062</ZTEMPL>
      <ZFIBER>RMF01728</ZFIBER>
      <Z_FIBER_DESC>SMF-G652B/D SMF-BLACK</Z_FIBER_DESC>
      <ZIDX_FIB>108</ZIDX_FIB>
      <CHARG>FSB0291570</CHARG>
      <Z_IND_LENGHT2>10.471</Z_IND_LENGHT2>
      <ZMLOSS>34</ZMLOSS>
      <LICHA>152567121141</LICHA>
      <Z_INT_TUBEINDEX>0000</Z_INT_TUBEINDEX>
      <Z_EXT_IDX_RQMTS>000000000000</Z_EXT_IDX_RQMTS>
      <Z1PSE_E1FSP502I SEGMENT="1">
        <ATNAM>ATTN_1385</ATNAM>
        <AUSP1>.272</AUSP1>
      </Z1PSE_E1FSP502I>
      <Z1PSE_E1FSP502I SEGMENT="1">
        <ATNAM>ATTN_1310</ATNAM>
        <AUSP1>.325</AUSP1>
      </Z1PSE_E1FSP502I>
      <Z1PSE_E1FSP502I SEGMENT="1">
        <ATNAM>ATTN_1550</ATNAM>
        <AUSP1>.19</AUSP1>
      </Z1PSE_E1FSP502I>
      <Z1PSE_E1FSP502I SEGMENT="1">
        <ATNAM>ATTN_1530</ATNAM>
        <AUSP1>.194</AUSP1>
      </Z1PSE_E1FSP502I>
      <Z1PSE_E1FSP502I SEGMENT="1">
        <ATNAM>ATTN_1625</ATNAM>
        <AUSP1>.203</AUSP1>
      </Z1PSE_E1FSP502I>
    </Z1PSE_E1FSP502H>
    <Z1PSE_E1FSP502H SEGMENT="1">
      <WERKS>RO10</WERKS>
      <AUFNR>000082954159</AUFNR>
      <Z_ELE_LENGHT>8438.000</Z_ELE_LENGHT>
      <POSNR>0001</POSNR>
      <ZCABLE>000000000060028592</ZCABLE>
      <ZCABLE_TEXT>LWL-B4YT2Y 8X12E9/125G652D T/R4KE-NT7134</ZCABLE_TEXT>
      <ZILFN>01</ZILFN>
      <ZIDX_RQMTS>000004126338</ZIDX_RQMTS>
      <Z_TUBE_ID>P00208384</Z_TUBE_ID>
      <Z_TUBE_DESC>LT250180012-SD1062-NAGEL</Z_TUBE_DESC>
      <Z_NTINDEX>0005</Z_NTINDEX>
      <Z_IND_LENGHT>4219.000</Z_IND_LENGHT>
      <Z_TUBE_STS>3</Z_TUBE_STS>
      <ZGRP_NUM>00000000440207</ZGRP_NUM>
      <ZTEMPL>SD1062</ZTEMPL>
      <ZFIBER>RMF01808</ZFIBER>
      <Z_FIBER_DESC>SMF-G652B/D SMF-ORANGE</Z_FIBER_DESC>
      <ZIDX_FIB>107</ZIDX_FIB>
      <CHARG>FSB0285864</CHARG>
      <Z_IND_LENGHT2>10.173</Z_IND_LENGHT2>
      <ZMLOSS>34</ZMLOSS>
      <LICHA>141553134112</LICHA>
      <Z_INT_TUBEINDEX>0000</Z_INT_TUBEINDEX>
      <Z_EXT_IDX_RQMTS>000000000000</Z_EXT_IDX_RQMTS>
      <Z1PSE_E1FSP502I SEGMENT="1">
        <ATNAM>ATTN_1385</ATNAM>
        <AUSP1>.265</AUSP1>
      </Z1PSE_E1FSP502I>
      <Z1PSE_E1FSP502I SEGMENT="1">
        <ATNAM>ATTN_1310</ATNAM>
        <AUSP1>.32</AUSP1>
      </Z1PSE_E1FSP502I>
      <Z1PSE_E1FSP502I SEGMENT="1">
        <ATNAM>ATTN_1550</ATNAM>
        <AUSP1>.186</AUSP1>
      </Z1PSE_E1FSP502I>
      <Z1PSE_E1FSP502I SEGMENT="1">
        <ATNAM>ATTN_1530</ATNAM>
        <AUSP1>.19</AUSP1>
      </Z1PSE_E1FSP502I>
      <Z1PSE_E1FSP502I SEGMENT="1">
        <ATNAM>ATTN_1625</ATNAM>
        <AUSP1>.204</AUSP1>
      </Z1PSE_E1FSP502I>
    </Z1PSE_E1FSP502H>
    <Z1PSE_E1FSP502H SEGMENT="1">
      <WERKS>RO10</WERKS>
      <AUFNR>000082954159</AUFNR>
      <Z_ELE_LENGHT>8438.000</Z_ELE_LENGHT>
      <POSNR>0001</POSNR>
      <ZCABLE>000000000060028592</ZCABLE>
      <ZCABLE_TEXT>LWL-B4YT2Y 8X12E9/125G652D T/R4KE-NT7134</ZCABLE_TEXT>
      <ZILFN>01</ZILFN>
      <ZIDX_RQMTS>000004126338</ZIDX_RQMTS>
      <Z_TUBE_ID>P00208384</Z_TUBE_ID>
      <Z_TUBE_DESC>LT250180012-SD1062-NAGEL</Z_TUBE_DESC>
      <Z_NTINDEX>0005</Z_NTINDEX>
      <Z_IND_LENGHT>4219.000</Z_IND_LENGHT>
      <Z_TUBE_STS>3</Z_TUBE_STS>
      <ZGRP_NUM>00000000440207</ZGRP_NUM>
      <ZTEMPL>SD1062</ZTEMPL>
      <ZFIBER>RMF01768</ZFIBER>
      <Z_FIBER_DESC>SMF-G652B/D SMF-VIOLET</Z_FIBER_DESC>
      <ZIDX_FIB>106</ZIDX_FIB>
      <CHARG>FSB0295631</CHARG>
      <Z_IND_LENGHT2>9.100</Z_IND_LENGHT2>
      <ZMLOSS>34</ZMLOSS>
      <LICHA>253397434138</LICHA>
      <Z_INT_TUBEINDEX>0000</Z_INT_TUBEINDEX>
      <Z_EXT_IDX_RQMTS>000000000000</Z_EXT_IDX_RQMTS>
      <Z1PSE_E1FSP502I SEGMENT="1">
        <ATNAM>ATTN_1385</ATNAM>
        <AUSP1>.292</AUSP1>
      </Z1PSE_E1FSP502I>
      <Z1PSE_E1FSP502I SEGMENT="1">
        <ATNAM>ATTN_1310</ATNAM>
        <AUSP1>.33</AUSP1>
      </Z1PSE_E1FSP502I>
      <Z1PSE_E1FSP502I SEGMENT="1">
        <ATNAM>ATTN_1550</ATNAM>
        <AUSP1>.191</AUSP1>
      </Z1PSE_E1FSP502I>
      <Z1PSE_E1FSP502I SEGMENT="1">
        <ATNAM>ATTN_1530</ATNAM>
        <AUSP1>.196</AUSP1>
      </Z1PSE_E1FSP502I>
      <Z1PSE_E1FSP502I SEGMENT="1">
        <ATNAM>ATTN_1625</ATNAM>
        <AUSP1>.203</AUSP1>
      </Z1PSE_E1FSP502I>
    </Z1PSE_E1FSP502H>
    <Z1PSE_E1FSP502H SEGMENT="1">
      <WERKS>RO10</WERKS>
      <AUFNR>000082954159</AUFNR>
      <Z_ELE_LENGHT>8438.000</Z_ELE_LENGHT>
      <POSNR>0001</POSNR>
      <ZCABLE>000000000060028592</ZCABLE>
      <ZCABLE_TEXT>LWL-B4YT2Y 8X12E9/125G652D T/R4KE-NT7134</ZCABLE_TEXT>
      <ZILFN>01</ZILFN>
      <ZIDX_RQMTS>000004126338</ZIDX_RQMTS>
      <Z_TUBE_ID>P00208384</Z_TUBE_ID>
      <Z_TUBE_DESC>LT250180012-SD1062-NAGEL</Z_TUBE_DESC>
      <Z_NTINDEX>0005</Z_NTINDEX>
      <Z_IND_LENGHT>4219.000</Z_IND_LENGHT>
      <Z_TUBE_STS>3</Z_TUBE_STS>
      <ZGRP_NUM>00000000440207</ZGRP_NUM>
      <ZTEMPL>SD1062</ZTEMPL>
      <ZFIBER>RMF01721</ZFIBER>
      <Z_FIBER_DESC>SMF-G652B/D SMF-NATURAL</Z_FIBER_DESC>
      <ZIDX_FIB>105</ZIDX_FIB>
      <CHARG>FSB0098741</CHARG>
      <Z_IND_LENGHT2>8.707</Z_IND_LENGHT2>
      <ZMLOSS>34</ZMLOSS>
      <LICHA>323400921134</LICHA>
      <Z_INT_TUBEINDEX>0000</Z_INT_TUBEINDEX>
      <Z_EXT_IDX_RQMTS>000000000000</Z_EXT_IDX_RQMTS>
      <Z1PSE_E1FSP502I SEGMENT="1">
        <ATNAM>ATTN_1385</ATNAM>
        <AUSP1>.257</AUSP1>
      </Z1PSE_E1FSP502I>
      <Z1PSE_E1FSP502I SEGMENT="1">
        <ATNAM>ATTN_1310</ATNAM>
        <AUSP1>.314</AUSP1>
      </Z1PSE_E1FSP502I>
      <Z1PSE_E1FSP502I SEGMENT="1">
        <ATNAM>ATTN_1550</ATNAM>
        <AUSP1>.18</AUSP1>
      </Z1PSE_E1FSP502I>
      <Z1PSE_E1FSP502I SEGMENT="1">
        <ATNAM>ATTN_1530</ATNAM>
        <AUSP1>.184</AUSP1>
      </Z1PSE_E1FSP502I>
      <Z1PSE_E1FSP502I SEGMENT="1">
        <ATNAM>ATTN_1625</ATNAM>
        <AUSP1>.191</AUSP1>
      </Z1PSE_E1FSP502I>
    </Z1PSE_E1FSP502H>
    <Z1PSE_E1FSP502H SEGMENT="1">
      <WERKS>RO10</WERKS>
      <AUFNR>000082954159</AUFNR>
      <Z_ELE_LENGHT>8438.000</Z_ELE_LENGHT>
      <POSNR>0001</POSNR>
      <ZCABLE>000000000060028592</ZCABLE>
      <ZCABLE_TEXT>LWL-B4YT2Y 8X12E9/125G652D T/R4KE-NT7134</ZCABLE_TEXT>
      <ZILFN>01</ZILFN>
      <ZIDX_RQMTS>000004126338</ZIDX_RQMTS>
      <Z_TUBE_ID>P00208384</Z_TUBE_ID>
      <Z_TUBE_DESC>LT250180012-SD1062-NAGEL</Z_TUBE_DESC>
      <Z_NTINDEX>0005</Z_NTINDEX>
      <Z_IND_LENGHT>4219.000</Z_IND_LENGHT>
      <Z_TUBE_STS>3</Z_TUBE_STS>
      <ZGRP_NUM>00000000440207</ZGRP_NUM>
      <ZTEMPL>SD1062</ZTEMPL>
      <ZFIBER>RMF01736</ZFIBER>
      <Z_FIBER_DESC>SMF-G652B/D SMF-BLUE</Z_FIBER_DESC>
      <ZIDX_FIB>104</ZIDX_FIB>
      <CHARG>FSC0007625</CHARG>
      <Z_IND_LENGHT2>11.573</Z_IND_LENGHT2>
      <ZMLOSS>34</ZMLOSS>
      <LICHA>362269021134</LICHA>
      <Z_INT_TUBEINDEX>0000</Z_INT_TUBEINDEX>
      <Z_EXT_IDX_RQMTS>000000000000</Z_EXT_IDX_RQMTS>
      <Z1PSE_E1FSP502I SEGMENT="1">
        <ATNAM>ATTN_1385</ATNAM>
        <AUSP1>.284</AUSP1>
      </Z1PSE_E1FSP502I>
      <Z1PSE_E1FSP502I SEGMENT="1">
        <ATNAM>ATTN_1310</ATNAM>
        <AUSP1>.327</AUSP1>
      </Z1PSE_E1FSP502I>
      <Z1PSE_E1FSP502I SEGMENT="1">
        <ATNAM>ATTN_1550</ATNAM>
        <AUSP1>.189</AUSP1>
      </Z1PSE_E1FSP502I>
      <Z1PSE_E1FSP502I SEGMENT="1">
        <ATNAM>ATTN_1530</ATNAM>
        <AUSP1>.193</AUSP1>
      </Z1PSE_E1FSP502I>
      <Z1PSE_E1FSP502I SEGMENT="1">
        <ATNAM>ATTN_1625</ATNAM>
        <AUSP1>.201</AUSP1>
      </Z1PSE_E1FSP502I>
    </Z1PSE_E1FSP502H>
    <Z1PSE_E1FSP502H SEGMENT="1">
      <WERKS>RO10</WERKS>
      <AUFNR>000082954159</AUFNR>
      <Z_ELE_LENGHT>8438.000</Z_ELE_LENGHT>
      <POSNR>0001</POSNR>
      <ZCABLE>000000000060028592</ZCABLE>
      <ZCABLE_TEXT>LWL-B4YT2Y 8X12E9/125G652D T/R4KE-NT7134</ZCABLE_TEXT>
      <ZILFN>01</ZILFN>
      <ZIDX_RQMTS>000004126338</ZIDX_RQMTS>
      <Z_TUBE_ID>P00208384</Z_TUBE_ID>
      <Z_TUBE_DESC>LT250180012-SD1062-NAGEL</Z_TUBE_DESC>
      <Z_NTINDEX>0005</Z_NTINDEX>
      <Z_IND_LENGHT>4219.000</Z_IND_LENGHT>
      <Z_TUBE_STS>3</Z_TUBE_STS>
      <ZGRP_NUM>00000000440207</ZGRP_NUM>
      <ZTEMPL>SD1062</ZTEMPL>
      <ZFIBER>RMF01776</ZFIBER>
      <Z_FIBER_DESC>SMF-G652B/D SMF-YELLOW</Z_FIBER_DESC>
      <ZIDX_FIB>103</ZIDX_FIB>
      <CHARG>FSC0016947</CHARG>
      <Z_IND_LENGHT2>10.973</Z_IND_LENGHT2>
      <ZMLOSS>34</ZMLOSS>
      <LICHA>323416221130</LICHA>
      <Z_INT_TUBEINDEX>0000</Z_INT_TUBEINDEX>
      <Z_EXT_IDX_RQMTS>000000000000</Z_EXT_IDX_RQMTS>
      <Z1PSE_E1FSP502I SEGMENT="1">
        <ATNAM>ATTN_1385</ATNAM>
        <AUSP1>.268</AUSP1>
      </Z1PSE_E1FSP502I>
      <Z1PSE_E1FSP502I SEGMENT="1">
        <ATNAM>ATTN_1310</ATNAM>
        <AUSP1>.32</AUSP1>
      </Z1PSE_E1FSP502I>
      <Z1PSE_E1FSP502I SEGMENT="1">
        <ATNAM>ATTN_1550</ATNAM>
        <AUSP1>.184</AUSP1>
      </Z1PSE_E1FSP502I>
      <Z1PSE_E1FSP502I SEGMENT="1">
        <ATNAM>ATTN_1530</ATNAM>
        <AUSP1>.189</AUSP1>
      </Z1PSE_E1FSP502I>
      <Z1PSE_E1FSP502I SEGMENT="1">
        <ATNAM>ATTN_1625</ATNAM>
        <AUSP1>.195</AUSP1>
      </Z1PSE_E1FSP502I>
    </Z1PSE_E1FSP502H>
    <Z1PSE_E1FSP502H SEGMENT="1">
      <WERKS>RO10</WERKS>
      <AUFNR>000082954159</AUFNR>
      <Z_ELE_LENGHT>8438.000</Z_ELE_LENGHT>
      <POSNR>0001</POSNR>
      <ZCABLE>000000000060028592</ZCABLE>
      <ZCABLE_TEXT>LWL-B4YT2Y 8X12E9/125G652D T/R4KE-NT7134</ZCABLE_TEXT>
      <ZILFN>01</ZILFN>
      <ZIDX_RQMTS>000004126338</ZIDX_RQMTS>
      <Z_TUBE_ID>P00208384</Z_TUBE_ID>
      <Z_TUBE_DESC>LT250180012-SD1062-NAGEL</Z_TUBE_DESC>
      <Z_NTINDEX>0005</Z_NTINDEX>
      <Z_IND_LENGHT>4219.000</Z_IND_LENGHT>
      <Z_TUBE_STS>3</Z_TUBE_STS>
      <ZGRP_NUM>00000000440207</ZGRP_NUM>
      <ZTEMPL>SD1062</ZTEMPL>
      <ZFIBER>RMF01752</ZFIBER>
      <Z_FIBER_DESC>SMF-G652B/D SMF-GREEN</Z_FIBER_DESC>
      <ZIDX_FIB>102</ZIDX_FIB>
      <CHARG>DSB1257654</CHARG>
      <Z_IND_LENGHT2>24.143</Z_IND_LENGHT2>
      <ZMLOSS>34</ZMLOSS>
      <LICHA>DSB1257654</LICHA>
      <Z_INT_TUBEINDEX>0000</Z_INT_TUBEINDEX>
      <Z_EXT_IDX_RQMTS>000000000000</Z_EXT_IDX_RQMTS>
      <Z1PSE_E1FSP502I SEGMENT="1">
        <ATNAM>ATTN_1385</ATNAM>
        <AUSP1>0.276</AUSP1>
      </Z1PSE_E1FSP502I>
      <Z1PSE_E1FSP502I SEGMENT="1">
        <ATNAM>ATTN_1310</ATNAM>
        <AUSP1>0.328</AUSP1>
      </Z1PSE_E1FSP502I>
      <Z1PSE_E1FSP502I SEGMENT="1">
        <ATNAM>ATTN_1550</ATNAM>
        <AUSP1>0.194</AUSP1>
      </Z1PSE_E1FSP502I>
      <Z1PSE_E1FSP502I SEGMENT="1">
        <ATNAM>ATTN_1530</ATNAM>
        <AUSP1>0.198</AUSP1>
      </Z1PSE_E1FSP502I>
      <Z1PSE_E1FSP502I SEGMENT="1">
        <ATNAM>ATTN_1625</ATNAM>
        <AUSP1>0.203</AUSP1>
      </Z1PSE_E1FSP502I>
    </Z1PSE_E1FSP502H>
    <Z1PSE_E1FSP502H SEGMENT="1">
      <WERKS>RO10</WERKS>
      <AUFNR>000082954159</AUFNR>
      <Z_ELE_LENGHT>8438.000</Z_ELE_LENGHT>
      <POSNR>0001</POSNR>
      <ZCABLE>000000000060028592</ZCABLE>
      <ZCABLE_TEXT>LWL-B4YT2Y 8X12E9/125G652D T/R4KE-NT7134</ZCABLE_TEXT>
      <ZILFN>01</ZILFN>
      <ZIDX_RQMTS>000004126338</ZIDX_RQMTS>
      <Z_TUBE_ID>P00208384</Z_TUBE_ID>
      <Z_TUBE_DESC>LT250180012-SD1062-NAGEL</Z_TUBE_DESC>
      <Z_NTINDEX>0005</Z_NTINDEX>
      <Z_IND_LENGHT>4219.000</Z_IND_LENGHT>
      <Z_TUBE_STS>3</Z_TUBE_STS>
      <ZGRP_NUM>00000000440207</ZGRP_NUM>
      <ZTEMPL>SD1062</ZTEMPL>
      <ZFIBER>RMF01744</ZFIBER>
      <Z_FIBER_DESC>SMF-G652B/D SMF-RED</Z_FIBER_DESC>
      <ZIDX_FIB>101</ZIDX_FIB>
      <CHARG>LOT0000180</CHARG>
      <Z_IND_LENGHT2>50.000</Z_IND_LENGHT2>
      <ZMLOSS>34</ZMLOSS>
      <Z_INT_TUBEINDEX>0000</Z_INT_TUBEINDEX>
      <Z_EXT_IDX_RQMTS>000000000000</Z_EXT_IDX_RQMTS>
      <Z1PSE_E1FSP502I SEGMENT="1">
        <ATNAM>ATTN_1550</ATNAM>
        <AUSP1>0.280</AUSP1>
      </Z1PSE_E1FSP502I>
    </Z1PSE_E1FSP502H>
    <Z1PSE_E1FSP502H SEGMENT="1">
      <WERKS>RO10</WERKS>
      <AUFNR>000082954159</AUFNR>
      <Z_ELE_LENGHT>8438.000</Z_ELE_LENGHT>
      <POSNR>0001</POSNR>
      <ZCABLE>000000000060028592</ZCABLE>
      <ZCABLE_TEXT>LWL-B4YT2Y 8X12E9/125G652D T/R4KE-NT7134</ZCABLE_TEXT>
      <ZILFN>02</ZILFN>
      <ZIDX_RQMTS>000004126347</ZIDX_RQMTS>
      <Z_TUBE_ID>P00208384</Z_TUBE_ID>
      <Z_TUBE_DESC>LT250180012-SD1062-NAGEL</Z_TUBE_DESC>
      <Z_NTINDEX>0005</Z_NTINDEX>
      <Z_IND_LENGHT>4219.000</Z_IND_LENGHT>
      <Z_TUBE_STS>3</Z_TUBE_STS>
      <ZGRP_NUM>00000000440207</ZGRP_NUM>
      <ZTEMPL>SD1062</ZTEMPL>
      <ZFIBER>RMF01744</ZFIBER>
      <Z_FIBER_DESC>SMF-G652B/D SMF-RED</Z_FIBER_DESC>
      <ZIDX_FIB>101</ZIDX_FIB>
      <CHARG>LOT0000180</CHARG>
      <Z_IND_LENGHT2>50.000</Z_IND_LENGHT2>
      <ZMLOSS>34</ZMLOSS>
      <Z_INT_TUBEINDEX>0000</Z_INT_TUBEINDEX>
      <Z_EXT_IDX_RQMTS>000000000000</Z_EXT_IDX_RQMTS>
      <Z1PSE_E1FSP502I SEGMENT="1">
        <ATNAM>ATTN_1550</ATNAM>
        <AUSP1>0.280</AUSP1>
      </Z1PSE_E1FSP502I>
    </Z1PSE_E1FSP502H>
    <Z1PSE_E1FSP502H SEGMENT="1">
      <WERKS>RO10</WERKS>
      <AUFNR>000082954159</AUFNR>
      <Z_ELE_LENGHT>8438.000</Z_ELE_LENGHT>
      <POSNR>0001</POSNR>
      <ZCABLE>000000000060028592</ZCABLE>
      <ZCABLE_TEXT>LWL-B4YT2Y 8X12E9/125G652D T/R4KE-NT7134</ZCABLE_TEXT>
      <ZILFN>02</ZILFN>
      <ZIDX_RQMTS>000004126347</ZIDX_RQMTS>
      <Z_TUBE_ID>P00208384</Z_TUBE_ID>
      <Z_TUBE_DESC>LT250180012-SD1062-NAGEL</Z_TUBE_DESC>
      <Z_NTINDEX>0005</Z_NTINDEX>
      <Z_IND_LENGHT>4219.000</Z_IND_LENGHT>
      <Z_TUBE_STS>3</Z_TUBE_STS>
      <ZGRP_NUM>00000000440207</ZGRP_NUM>
      <ZTEMPL>SD1062</ZTEMPL>
      <ZFIBER>RMF01752</ZFIBER>
      <Z_FIBER_DESC>SMF-G652B/D SMF-GREEN</Z_FIBER_DESC>
      <ZIDX_FIB>102</ZIDX_FIB>
      <CHARG>DSB1257654</CHARG>
      <Z_IND_LENGHT2>24.143</Z_IND_LENGHT2>
      <ZMLOSS>34</ZMLOSS>
      <LICHA>DSB1257654</LICHA>
      <Z_INT_TUBEINDEX>0000</Z_INT_TUBEINDEX>
      <Z_EXT_IDX_RQMTS>000000000000</Z_EXT_IDX_RQMTS>
      <Z1PSE_E1FSP502I SEGMENT="1">
        <ATNAM>ATTN_1385</ATNAM>
        <AUSP1>0.276</AUSP1>
      </Z1PSE_E1FSP502I>
      <Z1PSE_E1FSP502I SEGMENT="1">
        <ATNAM>ATTN_1310</ATNAM>
        <AUSP1>0.328</AUSP1>
      </Z1PSE_E1FSP502I>
      <Z1PSE_E1FSP502I SEGMENT="1">
        <ATNAM>ATTN_1550</ATNAM>
        <AUSP1>0.194</AUSP1>
      </Z1PSE_E1FSP502I>
      <Z1PSE_E1FSP502I SEGMENT="1">
        <ATNAM>ATTN_1530</ATNAM>
        <AUSP1>0.198</AUSP1>
      </Z1PSE_E1FSP502I>
      <Z1PSE_E1FSP502I SEGMENT="1">
        <ATNAM>ATTN_1625</ATNAM>
        <AUSP1>0.203</AUSP1>
      </Z1PSE_E1FSP502I>
    </Z1PSE_E1FSP502H>
    <Z1PSE_E1FSP502H SEGMENT="1">
      <WERKS>RO10</WERKS>
      <AUFNR>000082954159</AUFNR>
      <Z_ELE_LENGHT>8438.000</Z_ELE_LENGHT>
      <POSNR>0001</POSNR>
      <ZCABLE>000000000060028592</ZCABLE>
      <ZCABLE_TEXT>LWL-B4YT2Y 8X12E9/125G652D T/R4KE-NT7134</ZCABLE_TEXT>
      <ZILFN>02</ZILFN>
      <ZIDX_RQMTS>000004126347</ZIDX_RQMTS>
      <Z_TUBE_ID>P00208384</Z_TUBE_ID>
      <Z_TUBE_DESC>LT250180012-SD1062-NAGEL</Z_TUBE_DESC>
      <Z_NTINDEX>0005</Z_NTINDEX>
      <Z_IND_LENGHT>4219.000</Z_IND_LENGHT>
      <Z_TUBE_STS>3</Z_TUBE_STS>
      <ZGRP_NUM>00000000440207</ZGRP_NUM>
      <ZTEMPL>SD1062</ZTEMPL>
      <ZFIBER>RMF01776</ZFIBER>
      <Z_FIBER_DESC>SMF-G652B/D SMF-YELLOW</Z_FIBER_DESC>
      <ZIDX_FIB>103</ZIDX_FIB>
      <CHARG>FSC0016947</CHARG>
      <Z_IND_LENGHT2>10.973</Z_IND_LENGHT2>
      <ZMLOSS>34</ZMLOSS>
      <LICHA>323416221130</LICHA>
      <Z_INT_TUBEINDEX>0000</Z_INT_TUBEINDEX>
      <Z_EXT_IDX_RQMTS>000000000000</Z_EXT_IDX_RQMTS>
      <Z1PSE_E1FSP502I SEGMENT="1">
        <ATNAM>ATTN_1385</ATNAM>
        <AUSP1>.268</AUSP1>
      </Z1PSE_E1FSP502I>
      <Z1PSE_E1FSP502I SEGMENT="1">
        <ATNAM>ATTN_1310</ATNAM>
        <AUSP1>.32</AUSP1>
      </Z1PSE_E1FSP502I>
      <Z1PSE_E1FSP502I SEGMENT="1">
        <ATNAM>ATTN_1550</ATNAM>
        <AUSP1>.184</AUSP1>
      </Z1PSE_E1FSP502I>
      <Z1PSE_E1FSP502I SEGMENT="1">
        <ATNAM>ATTN_1530</ATNAM>
        <AUSP1>.189</AUSP1>
      </Z1PSE_E1FSP502I>
      <Z1PSE_E1FSP502I SEGMENT="1">
        <ATNAM>ATTN_1625</ATNAM>
        <AUSP1>.195</AUSP1>
      </Z1PSE_E1FSP502I>
    </Z1PSE_E1FSP502H>
    <Z1PSE_E1FSP502H SEGMENT="1">
      <WERKS>RO10</WERKS>
      <AUFNR>000082954159</AUFNR>
      <Z_ELE_LENGHT>8438.000</Z_ELE_LENGHT>
      <POSNR>0001</POSNR>
      <ZCABLE>000000000060028592</ZCABLE>
      <ZCABLE_TEXT>LWL-B4YT2Y 8X12E9/125G652D T/R4KE-NT7134</ZCABLE_TEXT>
      <ZILFN>02</ZILFN>
      <ZIDX_RQMTS>000004126347</ZIDX_RQMTS>
      <Z_TUBE_ID>P00208384</Z_TUBE_ID>
      <Z_TUBE_DESC>LT250180012-SD1062-NAGEL</Z_TUBE_DESC>
      <Z_NTINDEX>0005</Z_NTINDEX>
      <Z_IND_LENGHT>4219.000</Z_IND_LENGHT>
      <Z_TUBE_STS>3</Z_TUBE_STS>
      <ZGRP_NUM>00000000440207</ZGRP_NUM>
      <ZTEMPL>SD1062</ZTEMPL>
      <ZFIBER>RMF01736</ZFIBER>
      <Z_FIBER_DESC>SMF-G652B/D SMF-BLUE</Z_FIBER_DESC>
      <ZIDX_FIB>104</ZIDX_FIB>
      <CHARG>FSC0007625</CHARG>
      <Z_IND_LENGHT2>11.573</Z_IND_LENGHT2>
      <ZMLOSS>34</ZMLOSS>
      <LICHA>362269021134</LICHA>
      <Z_INT_TUBEINDEX>0000</Z_INT_TUBEINDEX>
      <Z_EXT_IDX_RQMTS>000000000000</Z_EXT_IDX_RQMTS>
      <Z1PSE_E1FSP502I SEGMENT="1">
        <ATNAM>ATTN_1385</ATNAM>
        <AUSP1>.284</AUSP1>
      </Z1PSE_E1FSP502I>
      <Z1PSE_E1FSP502I SEGMENT="1">
        <ATNAM>ATTN_1310</ATNAM>
        <AUSP1>.327</AUSP1>
      </Z1PSE_E1FSP502I>
      <Z1PSE_E1FSP502I SEGMENT="1">
        <ATNAM>ATTN_1550</ATNAM>
        <AUSP1>.189</AUSP1>
      </Z1PSE_E1FSP502I>
      <Z1PSE_E1FSP502I SEGMENT="1">
        <ATNAM>ATTN_1530</ATNAM>
        <AUSP1>.193</AUSP1>
      </Z1PSE_E1FSP502I>
      <Z1PSE_E1FSP502I SEGMENT="1">
        <ATNAM>ATTN_1625</ATNAM>
        <AUSP1>.201</AUSP1>
      </Z1PSE_E1FSP502I>
    </Z1PSE_E1FSP502H>
    <Z1PSE_E1FSP502H SEGMENT="1">
      <WERKS>RO10</WERKS>
      <AUFNR>000082954159</AUFNR>
      <Z_ELE_LENGHT>8438.000</Z_ELE_LENGHT>
      <POSNR>0001</POSNR>
      <ZCABLE>000000000060028592</ZCABLE>
      <ZCABLE_TEXT>LWL-B4YT2Y 8X12E9/125G652D T/R4KE-NT7134</ZCABLE_TEXT>
      <ZILFN>02</ZILFN>
      <ZIDX_RQMTS>000004126347</ZIDX_RQMTS>
      <Z_TUBE_ID>P00208384</Z_TUBE_ID>
      <Z_TUBE_DESC>LT250180012-SD1062-NAGEL</Z_TUBE_DESC>
      <Z_NTINDEX>0005</Z_NTINDEX>
      <Z_IND_LENGHT>4219.000</Z_IND_LENGHT>
      <Z_TUBE_STS>3</Z_TUBE_STS>
      <ZGRP_NUM>00000000440207</ZGRP_NUM>
      <ZTEMPL>SD1062</ZTEMPL>
      <ZFIBER>RMF01721</ZFIBER>
      <Z_FIBER_DESC>SMF-G652B/D SMF-NATURAL</Z_FIBER_DESC>
      <ZIDX_FIB>105</ZIDX_FIB>
      <CHARG>FSB0098741</CHARG>
      <Z_IND_LENGHT2>8.707</Z_IND_LENGHT2>
      <ZMLOSS>34</ZMLOSS>
      <LICHA>323400921134</LICHA>
      <Z_INT_TUBEINDEX>0000</Z_INT_TUBEINDEX>
      <Z_EXT_IDX_RQMTS>000000000000</Z_EXT_IDX_RQMTS>
      <Z1PSE_E1FSP502I SEGMENT="1">
        <ATNAM>ATTN_1385</ATNAM>
        <AUSP1>.257</AUSP1>
      </Z1PSE_E1FSP502I>
      <Z1PSE_E1FSP502I SEGMENT="1">
        <ATNAM>ATTN_1310</ATNAM>
        <AUSP1>.314</AUSP1>
      </Z1PSE_E1FSP502I>
      <Z1PSE_E1FSP502I SEGMENT="1">
        <ATNAM>ATTN_1550</ATNAM>
        <AUSP1>.18</AUSP1>
      </Z1PSE_E1FSP502I>
      <Z1PSE_E1FSP502I SEGMENT="1">
        <ATNAM>ATTN_1530</ATNAM>
        <AUSP1>.184</AUSP1>
      </Z1PSE_E1FSP502I>
      <Z1PSE_E1FSP502I SEGMENT="1">
        <ATNAM>ATTN_1625</ATNAM>
        <AUSP1>.191</AUSP1>
      </Z1PSE_E1FSP502I>
    </Z1PSE_E1FSP502H>
    <Z1PSE_E1FSP502H SEGMENT="1">
      <WERKS>RO10</WERKS>
      <AUFNR>000082954159</AUFNR>
      <Z_ELE_LENGHT>8438.000</Z_ELE_LENGHT>
      <POSNR>0001</POSNR>
      <ZCABLE>000000000060028592</ZCABLE>
      <ZCABLE_TEXT>LWL-B4YT2Y 8X12E9/125G652D T/R4KE-NT7134</ZCABLE_TEXT>
      <ZILFN>02</ZILFN>
      <ZIDX_RQMTS>000004126347</ZIDX_RQMTS>
      <Z_TUBE_ID>P00208384</Z_TUBE_ID>
      <Z_TUBE_DESC>LT250180012-SD1062-NAGEL</Z_TUBE_DESC>
      <Z_NTINDEX>0005</Z_NTINDEX>
      <Z_IND_LENGHT>4219.000</Z_IND_LENGHT>
      <Z_TUBE_STS>3</Z_TUBE_STS>
      <ZGRP_NUM>00000000440207</ZGRP_NUM>
      <ZTEMPL>SD1062</ZTEMPL>
      <ZFIBER>RMF01768</ZFIBER>
      <Z_FIBER_DESC>SMF-G652B/D SMF-VIOLET</Z_FIBER_DESC>
      <ZIDX_FIB>106</ZIDX_FIB>
      <CHARG>FSB0295631</CHARG>
      <Z_IND_LENGHT2>9.100</Z_IND_LENGHT2>
      <ZMLOSS>34</ZMLOSS>
      <LICHA>253397434138</LICHA>
      <Z_INT_TUBEINDEX>0000</Z_INT_TUBEINDEX>
      <Z_EXT_IDX_RQMTS>000000000000</Z_EXT_IDX_RQMTS>
      <Z1PSE_E1FSP502I SEGMENT="1">
        <ATNAM>ATTN_1385</ATNAM>
        <AUSP1>.292</AUSP1>
      </Z1PSE_E1FSP502I>
      <Z1PSE_E1FSP502I SEGMENT="1">
        <ATNAM>ATTN_1310</ATNAM>
        <AUSP1>.33</AUSP1>
      </Z1PSE_E1FSP502I>
      <Z1PSE_E1FSP502I SEGMENT="1">
        <ATNAM>ATTN_1550</ATNAM>
        <AUSP1>.191</AUSP1>
      </Z1PSE_E1FSP502I>
      <Z1PSE_E1FSP502I SEGMENT="1">
        <ATNAM>ATTN_1530</ATNAM>
        <AUSP1>.196</AUSP1>
      </Z1PSE_E1FSP502I>
      <Z1PSE_E1FSP502I SEGMENT="1">
        <ATNAM>ATTN_1625</ATNAM>
        <AUSP1>.203</AUSP1>
      </Z1PSE_E1FSP502I>
    </Z1PSE_E1FSP502H>
    <Z1PSE_E1FSP502H SEGMENT="1">
      <WERKS>RO10</WERKS>
      <AUFNR>000082954159</AUFNR>
      <Z_ELE_LENGHT>8438.000</Z_ELE_LENGHT>
      <POSNR>0001</POSNR>
      <ZCABLE>000000000060028592</ZCABLE>
      <ZCABLE_TEXT>LWL-B4YT2Y 8X12E9/125G652D T/R4KE-NT7134</ZCABLE_TEXT>
      <ZILFN>02</ZILFN>
      <ZIDX_RQMTS>000004126347</ZIDX_RQMTS>
      <Z_TUBE_ID>P00208384</Z_TUBE_ID>
      <Z_TUBE_DESC>LT250180012-SD1062-NAGEL</Z_TUBE_DESC>
      <Z_NTINDEX>0005</Z_NTINDEX>
      <Z_IND_LENGHT>4219.000</Z_IND_LENGHT>
      <Z_TUBE_STS>3</Z_TUBE_STS>
      <ZGRP_NUM>00000000440207</ZGRP_NUM>
      <ZTEMPL>SD1062</ZTEMPL>
      <ZFIBER>RMF01808</ZFIBER>
      <Z_FIBER_DESC>SMF-G652B/D SMF-ORANGE</Z_FIBER_DESC>
      <ZIDX_FIB>107</ZIDX_FIB>
      <CHARG>FSB0285864</CHARG>
      <Z_IND_LENGHT2>10.173</Z_IND_LENGHT2>
      <ZMLOSS>34</ZMLOSS>
      <LICHA>141553134112</LICHA>
      <Z_INT_TUBEINDEX>0000</Z_INT_TUBEINDEX>
      <Z_EXT_IDX_RQMTS>000000000000</Z_EXT_IDX_RQMTS>
      <Z1PSE_E1FSP502I SEGMENT="1">
        <ATNAM>ATTN_1385</ATNAM>
        <AUSP1>.265</AUSP1>
      </Z1PSE_E1FSP502I>
      <Z1PSE_E1FSP502I SEGMENT="1">
        <ATNAM>ATTN_1310</ATNAM>
        <AUSP1>.32</AUSP1>
      </Z1PSE_E1FSP502I>
      <Z1PSE_E1FSP502I SEGMENT="1">
        <ATNAM>ATTN_1550</ATNAM>
        <AUSP1>.186</AUSP1>
      </Z1PSE_E1FSP502I>
      <Z1PSE_E1FSP502I SEGMENT="1">
        <ATNAM>ATTN_1530</ATNAM>
        <AUSP1>.19</AUSP1>
      </Z1PSE_E1FSP502I>
      <Z1PSE_E1FSP502I SEGMENT="1">
        <ATNAM>ATTN_1625</ATNAM>
        <AUSP1>.204</AUSP1>
      </Z1PSE_E1FSP502I>
    </Z1PSE_E1FSP502H>
    <Z1PSE_E1FSP502H SEGMENT="1">
      <WERKS>RO10</WERKS>
      <AUFNR>000082954159</AUFNR>
      <Z_ELE_LENGHT>8438.000</Z_ELE_LENGHT>
      <POSNR>0001</POSNR>
      <ZCABLE>000000000060028592</ZCABLE>
      <ZCABLE_TEXT>LWL-B4YT2Y 8X12E9/125G652D T/R4KE-NT7134</ZCABLE_TEXT>
      <ZILFN>02</ZILFN>
      <ZIDX_RQMTS>000004126347</ZIDX_RQMTS>
      <Z_TUBE_ID>P00208384</Z_TUBE_ID>
      <Z_TUBE_DESC>LT250180012-SD1062-NAGEL</Z_TUBE_DESC>
      <Z_NTINDEX>0005</Z_NTINDEX>
      <Z_IND_LENGHT>4219.000</Z_IND_LENGHT>
      <Z_TUBE_STS>3</Z_TUBE_STS>
      <ZGRP_NUM>00000000440207</ZGRP_NUM>
      <ZTEMPL>SD1062</ZTEMPL>
      <ZFIBER>RMF01728</ZFIBER>
      <Z_FIBER_DESC>SMF-G652B/D SMF-BLACK</Z_FIBER_DESC>
      <ZIDX_FIB>108</ZIDX_FIB>
      <CHARG>FSB0291570</CHARG>
      <Z_IND_LENGHT2>10.471</Z_IND_LENGHT2>
      <ZMLOSS>34</ZMLOSS>
      <LICHA>152567121141</LICHA>
      <Z_INT_TUBEINDEX>0000</Z_INT_TUBEINDEX>
      <Z_EXT_IDX_RQMTS>000000000000</Z_EXT_IDX_RQMTS>
      <Z1PSE_E1FSP502I SEGMENT="1">
        <ATNAM>ATTN_1385</ATNAM>
        <AUSP1>.272</AUSP1>
      </Z1PSE_E1FSP502I>
      <Z1PSE_E1FSP502I SEGMENT="1">
        <ATNAM>ATTN_1310</ATNAM>
        <AUSP1>.325</AUSP1>
      </Z1PSE_E1FSP502I>
      <Z1PSE_E1FSP502I SEGMENT="1">
        <ATNAM>ATTN_1550</ATNAM>
        <AUSP1>.19</AUSP1>
      </Z1PSE_E1FSP502I>
      <Z1PSE_E1FSP502I SEGMENT="1">
        <ATNAM>ATTN_1530</ATNAM>
        <AUSP1>.194</AUSP1>
      </Z1PSE_E1FSP502I>
      <Z1PSE_E1FSP502I SEGMENT="1">
        <ATNAM>ATTN_1625</ATNAM>
        <AUSP1>.203</AUSP1>
      </Z1PSE_E1FSP502I>
    </Z1PSE_E1FSP502H>
    <Z1PSE_E1FSP502H SEGMENT="1">
      <WERKS>RO10</WERKS>
      <AUFNR>000082954159</AUFNR>
      <Z_ELE_LENGHT>8438.000</Z_ELE_LENGHT>
      <POSNR>0001</POSNR>
      <ZCABLE>000000000060028592</ZCABLE>
      <ZCABLE_TEXT>LWL-B4YT2Y 8X12E9/125G652D T/R4KE-NT7134</ZCABLE_TEXT>
      <ZILFN>02</ZILFN>
      <ZIDX_RQMTS>000004126347</ZIDX_RQMTS>
      <Z_TUBE_ID>P00208384</Z_TUBE_ID>
      <Z_TUBE_DESC>LT250180012-SD1062-NAGEL</Z_TUBE_DESC>
      <Z_NTINDEX>0005</Z_NTINDEX>
      <Z_IND_LENGHT>4219.000</Z_IND_LENGHT>
      <Z_TUBE_STS>3</Z_TUBE_STS>
      <ZGRP_NUM>00000000440207</ZGRP_NUM>
      <ZTEMPL>SD1062</ZTEMPL>
      <ZFIBER>RMF01792</ZFIBER>
      <Z_FIBER_DESC>SMF-G652B/D SMF-GREY</Z_FIBER_DESC>
      <ZIDX_FIB>109</ZIDX_FIB>
      <CHARG>FSB0294595</CHARG>
      <Z_IND_LENGHT2>20.407</Z_IND_LENGHT2>
      <ZMLOSS>34</ZMLOSS>
      <LICHA>301325534105</LICHA>
      <Z_INT_TUBEINDEX>0000</Z_INT_TUBEINDEX>
      <Z_EXT_IDX_RQMTS>000000000000</Z_EXT_IDX_RQMTS>
      <Z1PSE_E1FSP502I SEGMENT="1">
        <ATNAM>ATTN_1385</ATNAM>
        <AUSP1>.272</AUSP1>
      </Z1PSE_E1FSP502I>
      <Z1PSE_E1FSP502I SEGMENT="1">
        <ATNAM>ATTN_1310</ATNAM>
        <AUSP1>.326</AUSP1>
      </Z1PSE_E1FSP502I>
      <Z1PSE_E1FSP502I SEGMENT="1">
        <ATNAM>ATTN_1550</ATNAM>
        <AUSP1>.186</AUSP1>
      </Z1PSE_E1FSP502I>
      <Z1PSE_E1FSP502I SEGMENT="1">
        <ATNAM>ATTN_1530</ATNAM>
        <AUSP1>.191</AUSP1>
      </Z1PSE_E1FSP502I>
      <Z1PSE_E1FSP502I SEGMENT="1">
        <ATNAM>ATTN_1625</ATNAM>
        <AUSP1>.2</AUSP1>
      </Z1PSE_E1FSP502I>
    </Z1PSE_E1FSP502H>
    <Z1PSE_E1FSP502H SEGMENT="1">
      <WERKS>RO10</WERKS>
      <AUFNR>000082954159</AUFNR>
      <Z_ELE_LENGHT>8438.000</Z_ELE_LENGHT>
      <POSNR>0001</POSNR>
      <ZCABLE>000000000060028592</ZCABLE>
      <ZCABLE_TEXT>LWL-B4YT2Y 8X12E9/125G652D T/R4KE-NT7134</ZCABLE_TEXT>
      <ZILFN>02</ZILFN>
      <ZIDX_RQMTS>000004126347</ZIDX_RQMTS>
      <Z_TUBE_ID>P00208384</Z_TUBE_ID>
      <Z_TUBE_DESC>LT250180012-SD1062-NAGEL</Z_TUBE_DESC>
      <Z_NTINDEX>0005</Z_NTINDEX>
      <Z_IND_LENGHT>4219.000</Z_IND_LENGHT>
      <Z_TUBE_STS>3</Z_TUBE_STS>
      <ZGRP_NUM>00000000440207</ZGRP_NUM>
      <ZTEMPL>SD1062</ZTEMPL>
      <ZFIBER>RMF01784</ZFIBER>
      <Z_FIBER_DESC>SMF-G652B/D SMF-BROWN</Z_FIBER_DESC>
      <ZIDX_FIB>110</ZIDX_FIB>
      <CHARG>FSB0299969</CHARG>
      <Z_IND_LENGHT2>18.288</Z_IND_LENGHT2>
      <ZMLOSS>34</ZMLOSS>
      <LICHA>261348734108</LICHA>
      <Z_INT_TUBEINDEX>0000</Z_INT_TUBEINDEX>
      <Z_EXT_IDX_RQMTS>000000000000</Z_EXT_IDX_RQMTS>
      <Z1PSE_E1FSP502I SEGMENT="1">
        <ATNAM>ATTN_1385</ATNAM>
        <AUSP1>.272</AUSP1>
      </Z1PSE_E1FSP502I>
      <Z1PSE_E1FSP502I SEGMENT="1">
        <ATNAM>ATTN_1310</ATNAM>
        <AUSP1>.324</AUSP1>
      </Z1PSE_E1FSP502I>
      <Z1PSE_E1FSP502I SEGMENT="1">
        <ATNAM>ATTN_1550</ATNAM>
        <AUSP1>.188</AUSP1>
      </Z1PSE_E1FSP502I>
      <Z1PSE_E1FSP502I SEGMENT="1">
        <ATNAM>ATTN_1530</ATNAM>
        <AUSP1>.192</AUSP1>
      </Z1PSE_E1FSP502I>
      <Z1PSE_E1FSP502I SEGMENT="1">
        <ATNAM>ATTN_1625</ATNAM>
        <AUSP1>.203</AUSP1>
      </Z1PSE_E1FSP502I>
    </Z1PSE_E1FSP502H>
    <Z1PSE_E1FSP502H SEGMENT="1">
      <WERKS>RO10</WERKS>
      <AUFNR>000082954159</AUFNR>
      <Z_ELE_LENGHT>8438.000</Z_ELE_LENGHT>
      <POSNR>0001</POSNR>
      <ZCABLE>000000000060028592</ZCABLE>
      <ZCABLE_TEXT>LWL-B4YT2Y 8X12E9/125G652D T/R4KE-NT7134</ZCABLE_TEXT>
      <ZILFN>02</ZILFN>
      <ZIDX_RQMTS>000004126347</ZIDX_RQMTS>
      <Z_TUBE_ID>P00208384</Z_TUBE_ID>
      <Z_TUBE_DESC>LT250180012-SD1062-NAGEL</Z_TUBE_DESC>
      <Z_NTINDEX>0005</Z_NTINDEX>
      <Z_IND_LENGHT>4219.000</Z_IND_LENGHT>
      <Z_TUBE_STS>3</Z_TUBE_STS>
      <ZGRP_NUM>00000000440207</ZGRP_NUM>
      <ZTEMPL>SD1062</ZTEMPL>
      <ZFIBER>RMF01816</ZFIBER>
      <Z_FIBER_DESC>SMF-G652B/D SMF-TURQUOIS</Z_FIBER_DESC>
      <ZIDX_FIB>111</ZIDX_FIB>
      <CHARG>FSC0006033</CHARG>
      <Z_IND_LENGHT2>11.937</Z_IND_LENGHT2>
      <ZMLOSS>34</ZMLOSS>
      <LICHA>163565821128</LICHA>
      <Z_INT_TUBEINDEX>0000</Z_INT_TUBEINDEX>
      <Z_EXT_IDX_RQMTS>000000000000</Z_EXT_IDX_RQMTS>
      <Z1PSE_E1FSP502I SEGMENT="1">
        <ATNAM>ATTN_1385</ATNAM>
        <AUSP1>.28</AUSP1>
      </Z1PSE_E1FSP502I>
      <Z1PSE_E1FSP502I SEGMENT="1">
        <ATNAM>ATTN_1310</ATNAM>
        <AUSP1>.325</AUSP1>
      </Z1PSE_E1FSP502I>
      <Z1PSE_E1FSP502I SEGMENT="1">
        <ATNAM>ATTN_1550</ATNAM>
        <AUSP1>.196</AUSP1>
      </Z1PSE_E1FSP502I>
      <Z1PSE_E1FSP502I SEGMENT="1">
        <ATNAM>ATTN_1530</ATNAM>
        <AUSP1>.198</AUSP1>
      </Z1PSE_E1FSP502I>
      <Z1PSE_E1FSP502I SEGMENT="1">
        <ATNAM>ATTN_1625</ATNAM>
        <AUSP1>.209</AUSP1>
      </Z1PSE_E1FSP502I>
    </Z1PSE_E1FSP502H>
    <Z1PSE_E1FSP502H SEGMENT="1">
      <WERKS>RO10</WERKS>
      <AUFNR>000082954159</AUFNR>
      <Z_ELE_LENGHT>8438.000</Z_ELE_LENGHT>
      <POSNR>0001</POSNR>
      <ZCABLE>000000000060028592</ZCABLE>
      <ZCABLE_TEXT>LWL-B4YT2Y 8X12E9/125G652D T/R4KE-NT7134</ZCABLE_TEXT>
      <ZILFN>02</ZILFN>
      <ZIDX_RQMTS>000004126347</ZIDX_RQMTS>
      <Z_TUBE_ID>P00208384</Z_TUBE_ID>
      <Z_TUBE_DESC>LT250180012-SD1062-NAGEL</Z_TUBE_DESC>
      <Z_NTINDEX>0005</Z_NTINDEX>
      <Z_IND_LENGHT>4219.000</Z_IND_LENGHT>
      <Z_TUBE_STS>3</Z_TUBE_STS>
      <ZGRP_NUM>00000000440207</ZGRP_NUM>
      <ZTEMPL>SD1062</ZTEMPL>
      <ZFIBER>RMF01760</ZFIBER>
      <Z_FIBER_DESC>SMF-G652B/D SMF-WHITE</Z_FIBER_DESC>
      <ZIDX_FIB>112</ZIDX_FIB>
      <CHARG>CSB1472951</CHARG>
      <Z_IND_LENGHT2>9.950</Z_IND_LENGHT2>
      <ZMLOSS>34</ZMLOSS>
      <LICHA>CSB1472951</LICHA>
      <Z_INT_TUBEINDEX>0000</Z_INT_TUBEINDEX>
      <Z_EXT_IDX_RQMTS>000000000000</Z_EXT_IDX_RQMTS>
      <Z1PSE_E1FSP502I SEGMENT="1">
        <ATNAM>ATTN_1625</ATNAM>
        <AUSP1>.213</AUSP1>
      </Z1PSE_E1FSP502I>
      <Z1PSE_E1FSP502I SEGMENT="1">
        <ATNAM>ATTN_1550</ATNAM>
        <AUSP1>.197</AUSP1>
      </Z1PSE_E1FSP502I>
      <Z1PSE_E1FSP502I SEGMENT="1">
        <ATNAM>ATTN_1310</ATNAM>
        <AUSP1>.33</AUSP1>
      </Z1PSE_E1FSP502I>
      <Z1PSE_E1FSP502I SEGMENT="1">
        <ATNAM>ATTN_1385</ATNAM>
        <AUSP1>.279</AUSP1>
      </Z1PSE_E1FSP502I>
    </Z1PSE_E1FSP502H>
  </IDOC>
</ZPSE_FIBTUBE>