{
  "result": {"class":"go.GraphLinksModel","nodeDataArray":[{"key":"-1","nodeType":452,"nodeId":3,"type":1,"nodeName":"Labelling","displayName":"Labelling","count":0,"retryCount":0,"loc":"-871.4586253259317 -327.40781998226595","color":"rgb(56, 118, 29)","category":"PrpStep","FlatStepId":17,"UniqueID":"1e19b03a-e4e2-ebc2-8abd-bce074c98435","HasNewVersion":false,"kitName":"","kitId":0,"borderColor":"black","isCarrierNeeded":false,"planUpdate":false,"stationId":0,"stationLists":[2],"comments":null,"FailReasonId":0},{"key":"-2","nodeType":452,"nodeId":4,"type":3,"nodeName":"Solder Paste Printing","displayName":"Solder Paste Printing","count":0,"retryCount":0,"loc":"-871.4586253259317 -154.74498954385706","color":"black","category":"PrpStep","FlatStepId":18,"UniqueID":"1d505c6b-18cf-3aeb-4642-a087e00fdb7d","HasNewVersion":false,"kitName":"","kitId":0,"borderColor":"black","isCarrierNeeded":false,"planUpdate":true,"stationId":0,"stationLists":[24,23],"comments":null,"FailReasonId":0},{"key":"-3","nodeType":452,"nodeId":5,"type":3,"nodeName":"Solder Paste Inspection","displayName":"Solder Paste Inspection","count":1,"retryCount":0,"loc":"-469.12165251190356 -154.74498954385706","color":"black","category":"PrpStep","FlatStepId":19,"UniqueID":"89b6d884-d4b0-d26b-f9ae-774960196e9a","HasNewVersion":false,"kitName":"","kitId":0,"borderColor":"black","isCarrierNeeded":false,"planUpdate":true,"stationId":0,"stationLists":[15,4],"comments":null,"FailReasonId":0},{"key":"-4","nodeType":452,"nodeId":6,"type":3,"nodeName":"Placement","displayName":"Placement","count":0,"retryCount":0,"loc":"-74.9291528317624 -154.74498954385706","color":"black","category":"PrpStep","FlatStepId":20,"UniqueID":"09c1c573-3b70-d0d1-6974-2cb75c765e1c","HasNewVersion":false,"kitName":"","kitId":0,"borderColor":"black","isCarrierNeeded":false,"planUpdate":true,"stationId":0,"stationLists":[16,21],"comments":null,"FailReasonId":0},{"key":"-5","nodeType":452,"nodeId":7,"type":3,"nodeName":"Oven Reflow","displayName":"Oven Reflow","count":0,"retryCount":0,"loc":"343.69676625004035 -154.74498954385706","color":"black","category":"PrpStep","FlatStepId":21,"UniqueID":"abe687d5-8310-866d-1f8e-8c6e83c9da3e","HasNewVersion":false,"kitName":"","kitId":0,"borderColor":"black","isCarrierNeeded":false,"planUpdate":true,"stationId":0,"stationLists":[17,6],"comments":null,"FailReasonId":0},{"key":"-7","nodeType":452,"nodeId":9,"type":3,"nodeName":"Repair","displayName":"Repair","count":1,"retryCount":0,"loc":"-117.28041312797586 61.897995817542835","color":"black","category":"PrpStep","FlatStepId":23,"UniqueID":"199a982d-0a75-87fb-a719-b5695f4379e4","HasNewVersion":false,"kitName":"","kitId":0,"borderColor":"black","isCarrierNeeded":false,"planUpdate":true,"stationId":0,"stationLists":[8],"comments":null,"FailReasonId":0},{"key":"-8","nodeType":10320,"nodeId":1,"type":2,"nodeName":"COMPLETE_UNIT","displayName":"COMPLETE_UNIT","count":0,"retryCount":0,"loc":"343.69676625004035 216.6429853613999","color":"rgb(102, 0, 0)","category":"PrpStep","FlatStepId":24,"UniqueID":"90585b20-0448-df69-9a75-981c24abf175","HasNewVersion":false,"kitName":"","kitId":0,"borderColor":"black","isCarrierNeeded":false,"planUpdate":false,"stationId":0,"stationLists":[1],"comments":null,"FailReasonId":0},{"key":"-9","nodeType":452,"nodeId":12,"type":3,"nodeName":"AOI With Depanelling","displayName":"AOI With Depanelling","count":1,"retryCount":0,"loc":"343.69676625004035 55","color":"black","category":"PrpStep","FlatStepId":22,"UniqueID":"2ac3212d-9671-c4a0-ba0a-860dac3a9900","HasNewVersion":false,"kitName":"","kitId":0,"borderColor":"black","isCarrierNeeded":false,"planUpdate":true,"stationId":0,"stationLists":[18,7],"comments":null,"FailReasonId":0}],"linkDataArray":[{"from":"-1","to":"-2","text":"PASS","points":[-755.3969061162943,-277.44580797601986,-745.45862532593173,-236.52020983612965,-745.45862532593173,-195.63259968999336,-755.3969061162943,-154.70700155010314]},{"from":"-2","to":"-3","text":"PASS","points":[-659.76065546338214,-139.27290342169132,-590.67963438792231,-145.74498954385706,-529.900643449913,-145.74498954385706,-459.27808370648495,-139.57229385117924]},{"from":"-3","to":"-4","text":"PASS","points":[-235.52533343182597,-140.09064135365705,-174.68555426959512,-145.74498954385706,-124.80735355067876,-145.74498954385706,-65.601362679868487,-139.81987999375389]},{"from":"-4","to":"-5","text":"PASS","points":[137.21995734916129,-139.02027687218344,211.27948686217184,-145.74498954385706,277.48812655610607,-145.74498954385706,351.54765606911667,-139.02027687218344]},{"from":"-5","to":"-9","text":"PASS","points":[458.80318536539886,-104.77194158882821,469.69676625004035,-51.496659695904704,469.69676625004035,1.7516701520476516,458.80318536539886,55.026952044971168]},{"from":"-9","to":"-8","text":"PASS","points":[460.11519909504443,104.95740557360895,469.69676625004035,142.21432845379996,469.69676625004035,179.42865690759993,460.11519909504443,216.68557978779094]},{"from":"-9","to":"-7","text":"FAIL","points":[403.36584641052713,102.22954825230309,274.305574511719,159.23131875,160.04798701171876,148.2917625,50.644488373296895,108.15098027747028]},{"from":"-7","to":"-9","text":"PASS","points":[37.42512935432535,64.0557700850669,177.06507451171888,-7.2930375000000254,281.59861201171884,26.741137500000036,388.58538023235269,59.850113033180492]}]}
}