﻿<?xml version="1.0" encoding="UTF-8" standalone="no"?>
<CableSystem OasysVersion="3.3.4.0">
  <Cable Desc="Cable" ID="B00000794">
    <CableSetup>
      <Restrictions />
      <OTDRSetups>
        <OTDRSetup ID="SM 1310 1550 1625">
          <AdditionalRange>5000</AdditionalRange>
          <Range>0</Range>
          <RangeMode>LengthBased</RangeMode>
          <OTDRWavelengthSetup Availability="EnabledAlways" WavelengthID="1310">
            <AverageCounts>256</AverageCounts>
            <AverageMode>NoiseBased</AverageMode>
            <AverageNoise>0.005</AverageNoise>
            <AverageNoiseLocation>50</AverageNoiseLocation>
            <AverageNoiseTimeout>10</AverageNoiseTimeout>
            <AverageTime>1</AverageTime>
            <Bandwidth>1</Bandwidth>
            <Gain>-1</Gain>
            <PointSpacing>4</PointSpacing>
            <Pulsewidth>10</Pulsewidth>
            <Wavelength>1310</Wavelength>
          </OTDRWavelengthSetup>
          <OTDRWavelengthSetup Availability="EnabledAlways" WavelengthID="1550">
            <AverageCounts>256</AverageCounts>
            <AverageMode>NoiseBased</AverageMode>
            <AverageNoise>0.005</AverageNoise>
            <AverageNoiseLocation>50</AverageNoiseLocation>
            <AverageNoiseTimeout>10</AverageNoiseTimeout>
            <AverageTime>1</AverageTime>
            <Bandwidth>1</Bandwidth>
            <Gain>-1</Gain>
            <PointSpacing>4</PointSpacing>
            <Pulsewidth>10</Pulsewidth>
            <Wavelength>1550</Wavelength>
          </OTDRWavelengthSetup>
          <OTDRWavelengthSetup Availability="EnabledAlways" WavelengthID="1625">
            <AverageCounts>256</AverageCounts>
            <AverageMode>NoiseBased</AverageMode>
            <AverageNoise>0.005</AverageNoise>
            <AverageNoiseLocation>50</AverageNoiseLocation>
            <AverageNoiseTimeout>10</AverageNoiseTimeout>
            <AverageTime>1</AverageTime>
            <Bandwidth>1</Bandwidth>
            <Gain>-1</Gain>
            <PointSpacing>4</PointSpacing>
            <Pulsewidth>10</Pulsewidth>
            <Wavelength>1625</Wavelength>
          </OTDRWavelengthSetup>
        </OTDRSetup>
      </OTDRSetups>
      <AnalysisSetups>
        <!-->	**********************************************************
		This block describes the analyis setup per one specific FOx group.
		FT will copy/paste this block in the PK template for the tube/cable.
		FT will change the ID to FO1, FO2 or FO3 depending on the group to which this block will be linked.
		FT will write attenuation limits in one or more of the WavelengthID sections,
		according to the Correlation Matrix.
		The attenuation limits are written in the <MaxFail> tag under the 'unidirectional' section
		of therelevant WavelengthID.
		If there are no value to write for a specific wavelengthID section, the section will remain unchanged.
		************************************************************
<-->
        <AnalysisSetup ID="FO1">
          <AnalysisWavelengthSetup WavelengthID="1310">
            <AnalysisParams>
              <!-- this params normally they do not change -->
              <EndLossThresh>3</EndLossThresh>
              <MaxAttenuation>0.70000000000002249</MaxAttenuation>
              <MinAttenuation>0.1000000000000018</MinAttenuation>
              <Sensitivity>0.005</Sensitivity>
              <Wavelength>1310</Wavelength>
              <WindowWidth>499.99999999997158</WindowWidth>
              <WindowStep>199.99999999999886</WindowStep>
              <WindowStartOffset>100.00000000000453</WindowStartOffset>
              <WindowStopOffset>100.00000000000453</WindowStopOffset>
              <WindowStepAround>true</WindowStepAround>
            </AnalysisParams>
            <Limits Aspect="Unidirectional">
              <!--section for unidirectional measurements specifications-->
              <Attenuation>
                <!--Values for the entire fiber.
			This values are the ones changing from cable to cable.-->
                <MaxFail>0.340</MaxFail>
                <!-- Value to be changed by #FT-->
                <MinFail>0.28</MinFail>
              </Attenuation>
              <BufferLoss>
                <MaxFail>1.5</MaxFail>
              </BufferLoss>
              <BufferReflectance />
              <FiberLength />
              <LsaPointDeviation />
              <EventLoss>
                <MaxFail>0.1</MaxFail>
                <MaxFlag>0.08</MaxFlag>
              </EventLoss>
              <EventReflectance />
              <WindowAttenuation>
                <!--relevant to window width and window step.
			  Should be the same as the values in the <attenuation> tag -->
                <MaxFail>0.45</MaxFail>
                <!-- #FT Shall be the same as Attenuation/MaxFail above-->
                <MinFail>0.28</MinFail>
              </WindowAttenuation>
              <WindowUniformity />
            </Limits>
            <Limits Aspect="Bidirectional">
              <!-- not used -->
              <Attenuation />
              <BufferLoss>
                <MaxFail>1.5</MaxFail>
              </BufferLoss>
              <BufferReflectance />
              <FiberLength />
              <LsaPointDeviation />
              <EventLoss />
              <EventReflectance />
              <WindowAttenuation>
                <MaxFail>0.45</MaxFail>
                <MinFail>0.28</MinFail>
              </WindowAttenuation>
              <WindowUniformity />
            </Limits>
          </AnalysisWavelengthSetup>
          <AnalysisWavelengthSetup WavelengthID="1550">
            <AnalysisParams>
              <EndLossThresh>3</EndLossThresh>
              <MaxAttenuation>0.99999999999999278</MaxAttenuation>
              <MinAttenuation>0.099999999999999312</MinAttenuation>
              <Sensitivity>0.005</Sensitivity>
              <Wavelength>1550</Wavelength>
              <WindowWidth>1000.0000000000001</WindowWidth>
              <WindowStep>200</WindowStep>
              <WindowStartOffset>100</WindowStartOffset>
              <WindowStopOffset>100.00000000000475</WindowStopOffset>
              <WindowStepAround>true</WindowStepAround>
            </AnalysisParams>
            <Limits Aspect="Unidirectional">
              <Attenuation>
                <MaxFail>0.200</MaxFail>
                <!-- Value to be changed by #FT-->
                <MinFail>0.16000000000000003</MinFail>
                <!-- No change required, fixed value -->
              </Attenuation>
              <BufferLoss>
                <MaxFail>1.5</MaxFail>
              </BufferLoss>
              <BufferReflectance />
              <FiberLength>
                <!-- Check of fiberlength against declared cable or tube length.
			  anything 5% (0.05)longer than the nominal length (or shorter than, 0)
			  declared is out of spec -->
                <MaxFail>0.05</MaxFail>
                <MinFail>0</MinFail>
              </FiberLength>
              <LsaPointDeviation />
              <EventLoss>
                <MaxFail>0.1</MaxFail>
                <MaxFlag>0.08</MaxFlag>
              </EventLoss>
              <EventReflectance />
              <WindowAttenuation>
                <MaxFail>0.25</MaxFail>
                <!-- #FT Shall be the same as Attenuation/MaxFail above-->
                <MinFail>0.16000000000000003</MinFail>
              </WindowAttenuation>
              <WindowUniformity />
            </Limits>
            <Limits Aspect="Bidirectional">
              <!-- not used -->
              <Attenuation />
              <BufferLoss>
                <MaxFail>1.5</MaxFail>
              </BufferLoss>
              <BufferReflectance />
              <FiberLength>
                <MaxFail>0.05</MaxFail>
                <MinFail>0</MinFail>
              </FiberLength>
              <LsaPointDeviation />
              <EventLoss />
              <EventReflectance />
              <WindowAttenuation>
                <MaxFail>0.25</MaxFail>
                <MinFail>0.16000000000000003</MinFail>
              </WindowAttenuation>
              <WindowUniformity />
            </Limits>
          </AnalysisWavelengthSetup>
          <AnalysisWavelengthSetup WavelengthID="1625">
            <AnalysisParams>
              <EndLossThresh>3</EndLossThresh>
              <MaxAttenuation>1.4999999999999893</MaxAttenuation>
              <MinAttenuation>0.099999999999999312</MinAttenuation>
              <Sensitivity>0.005</Sensitivity>
              <Wavelength>1625</Wavelength>
              <WindowWidth>499.9999999999726</WindowWidth>
              <WindowStep>199.99999999999926</WindowStep>
              <WindowStartOffset>100.00000000000475</WindowStartOffset>
              <WindowStopOffset>100.00000000000475</WindowStopOffset>
              <WindowStepAround>true</WindowStepAround>
            </AnalysisParams>
            <Limits Aspect="Unidirectional">
              <Attenuation>
                <MaxFail>0.230</MaxFail>
                <!-- Value to be changed by #FT-->
                <MinFail>0.1799999999999968</MinFail>
              </Attenuation>
              <BufferLoss>
                <MaxFail>1</MaxFail>
              </BufferLoss>
              <BufferReflectance />
              <FiberLength />
              <LsaPointDeviation />
              <EventLoss>
                <MaxFail>0.05</MaxFail>
              </EventLoss>
              <EventReflectance />
              <WindowAttenuation>
                <MaxFail>0.24999999999999825</MaxFail>
                <!-- #FT Shall be the same as Attenuation/MaxFail above-->
                <MinFail>0.1799999999999968</MinFail>
              </WindowAttenuation>
              <WindowUniformity />
            </Limits>
            <Limits Aspect="Bidirectional">
              <Attenuation />
              <BufferLoss>
                <MaxFail>1</MaxFail>
              </BufferLoss>
              <BufferReflectance />
              <FiberLength />
              <LsaPointDeviation />
              <EventLoss />
              <EventReflectance />
              <WindowAttenuation>
                <MaxFail>0.24999999999999825</MaxFail>
                <MinFail>0.1799999999999968</MinFail>
              </WindowAttenuation>
              <WindowUniformity />
            </Limits>
          </AnalysisWavelengthSetup>
          <AnalysisWavelengthSetup WavelengthID="1383">
            <AnalysisParams>
              <EndLossThresh>3</EndLossThresh>
              <MaxAttenuation>1.9999999999999998</MaxAttenuation>
              <MinAttenuation>0.1</MinAttenuation>
              <Sensitivity>0.05</Sensitivity>
              <Wavelength>1383</Wavelength>
              <WindowWidth>1000.0000000000001</WindowWidth>
              <WindowStep>200.00000000000003</WindowStep>
              <WindowStartOffset>100.00000000000001</WindowStartOffset>
              <WindowStopOffset>102.00000000000001</WindowStopOffset>
              <WindowStepAround>true</WindowStepAround>
            </AnalysisParams>
            <Limits Aspect="Unidirectional">
              <Attenuation>
                <MaxFail>0.33</MaxFail>
                <!-- Value to be changed by #FT-->
                <!-- MinFail is missing, to be added? -->
              </Attenuation>
              <BufferLoss>
                <MaxFail>1.5</MaxFail>
              </BufferLoss>
              <BufferReflectance />
              <FiberLength />
              <LsaPointDeviation />
              <EventLoss>
                <MaxFail>0.1</MaxFail>
                <MaxFlag>0.08</MaxFlag>
              </EventLoss>
              <EventReflectance />
              <WindowAttenuation>
                <MaxFail>0.49999999999999994</MaxFail>
                <!-- #FT Shall be the same as Attenuation/MaxFail above-->
                <!-- MinFail is missing, to be added? -->
              </WindowAttenuation>
              <WindowUniformity />
            </Limits>
            <Limits Aspect="Bidirectional">
              <Attenuation />
              <BufferLoss>
                <MaxFail>1.5</MaxFail>
              </BufferLoss>
              <BufferReflectance />
              <FiberLength />
              <LsaPointDeviation />
              <EventLoss />
              <EventReflectance />
              <WindowAttenuation>
                <MaxFail>0.49999999999999994</MaxFail>
              </WindowAttenuation>
              <WindowUniformity />
            </Limits>
          </AnalysisWavelengthSetup>
        </AnalysisSetup>
      </AnalysisSetups>
      <FiberTypes>
        <FiberType ID="MM">
          <CoatingDiameter>125</CoatingDiameter>
          <FiberDiameter>62.5</FiberDiameter>
          <WavelengthProperties Wavelength="850">
            <GroupIndex>1.464</GroupIndex>
            <BackscatterCoefficient>-68</BackscatterCoefficient>
          </WavelengthProperties>
          <WavelengthProperties Wavelength="1300">
            <GroupIndex>1.465</GroupIndex>
            <BackscatterCoefficient>-72</BackscatterCoefficient>
          </WavelengthProperties>
        </FiberType>
        <FiberType ID="SM">
          <CoatingDiameter>250</CoatingDiameter>
          <FiberDiameter>125</FiberDiameter>
          <WavelengthProperties Wavelength="1310">
            <GroupIndex>1.467</GroupIndex>
            <BackscatterCoefficient>-81.7</BackscatterCoefficient>
          </WavelengthProperties>
          <WavelengthProperties Wavelength="1383">
            <GroupIndex>1.467</GroupIndex>
            <BackscatterCoefficient>-81.7</BackscatterCoefficient>
          </WavelengthProperties>
          <WavelengthProperties Wavelength="1550">
            <GroupIndex>1.467</GroupIndex>
            <BackscatterCoefficient>-81.7</BackscatterCoefficient>
          </WavelengthProperties>
          <WavelengthProperties Wavelength="1625">
            <GroupIndex>1.468</GroupIndex>
            <BackscatterCoefficient>-81.7</BackscatterCoefficient>
          </WavelengthProperties>
        </FiberType>
      </FiberTypes>
      <RibbonTypes />
    </CableSetup>
    <CableInfo>
      <Directionality>Unidirectional</Directionality>
      <FiberLength>3156.00</FiberLength>
      <FiberID Label="Cable ID">B00000794</FiberID>
      <FiberID Label="Operator ID">manoj_2</FiberID>
      <FiberID Label="Tube ID">B00000794</FiberID>
      <FiberID Label="Met Int">0.00</FiberID>
      <FiberID Label="Met Ext">3156.00</FiberID>
      <FiberID Label="Touret ID">TA4AFF20</FiberID>
      <FiberID Label="PCPK ID">WSPK</FiberID>
      <FiberID Label="PrintCurve1310">True</FiberID>
      <FiberID Label="PrintCurve1550">True</FiberID>
      <FiberID Label="PrintCurve1625">True</FiberID>
      <FiberID Label="PrintCurve850">True</FiberID>
      <FiberID Label="PrintCurve1300">True</FiberID>
      <FiberID Label="StepFabrication">BUFFERING LOOSE TUBE</FiberID>
      <FiberID Label="Gabarit">False</FiberID>
    </CableInfo>
    <Group Desc="Tube" ID="B00000794-LT150110004-SD0536-WHPBTPGEL" RibbonType="" FiberType="SM" AnalysisSetup="FO1" OTDRSetup="SM 1310 1550 1625">
      <Fiber Desc="Fibre" ID="SMF-G652B/D SMF-WHITE=RO11394008" />
      <Fiber Desc="Fibre" ID="SMF-G652B/D SMF-RED=FSC0009912" />
      <Fiber Desc="Fibre" ID="SMF-G652B/D SMF-YELLOW=RO11403844" />
      <Fiber Desc="Fibre" ID="SMF-G652B/D SMF-GREEN=RO11403939" />
    </Group>
  </Cable>
</CableSystem>